abandon,n. 狂热，放任 vt. 遗弃，放弃
ability,n. 能力，能耐；才能
able,adj. 能干的；有能力的；能
about,prep. 关于；大约 adj. 四处走动的；在起作用的；在附近的
above,prep. 在……上面；在……之上；超过 adv. 在上面；在上文
abroad,adv. 到海外；在国外 adj. 往国外的
absolute,adj. 绝对的；完全的；专制的 n. 绝对事物；绝对
absolutely,adv. 完全地；绝对地；[语]独立地 int. （表示赞同）完全正确，一点没错
academic,adj. 学院的；学术的；理论的 n. 大学生，大学教师；学者
accept,vt. 接受；承认；承担；承兑；容纳 vi. 同意；承认；承兑
acceptable,adj. 合意的；受欢迎的；可接受的
access,n. 入口；通道 n. 接近(的机会)；使用之权 vt. 进入；(电脑)存取
accident,n. 事故；机遇；意外事件；意外
accommodation,n. 住处(尤指仅供短期使用的)
accompany,vt. 陪伴；伴随...发生；补充；给 ... 伴奏 vi. 伴奏
according to,prep. 根据，按照；取决于；据…所说
account,n. 帐目，帐单；理由；帐户；解释 vi. 报帐；解释；导致
accurate,adj. 精确的
accuse,vt. 控告，指控；谴责；归咎于 vi. 控告；指责
achieve,vt. 完成；达到 vi. 达到目的；如愿以偿
achievement,n.完成，达到;成就，成绩
acknowledge,vt. 承认；告知收到；公认；表示感谢；注意到
acquire,vt. 获得；学到；取得；捕获
across,prep. 穿过；横穿 adv. 在对面；横过
act,n. 行为；行动；法案；(戏剧、歌剧等的)一幕；假装 v. 行动；举止；假装；表演；扮演；充当；有效果
action,n. 行动；活动；功能；情节；战斗
active,adj. 主动的；有效的；积极的；活跃的；现役的 n. 主动语态；积极分子
activity,n. 活动；活跃；行动
actor,n. 行动者；男演员；作用物
actress,n. 女演员
actual,adj. 真实的，实际的；现行的，目前的
actually,adv. 实际上；事实上
ad,n. 公元
adapt,v. 使适应；改编
add,vi. 加；增加；加起来；做加法 vt. 增加，添加；补充说；计算…总和
addition,n. 添加；增加物；加法
additional,"adj. 增加的, 额外的, 另外的"
address,vt. 写姓名地址；向…致辞；演说；从事；忙于 n. 地址；致辞；演讲；说话的技巧
administration,"n. 实行, 执行 管理, 经营, 支配 政府, 内阁"
admire,vt. 钦佩；赞美 vi. 钦佩；称赞
admit,vt. 承认；准许进入；可容纳 vi. 承认；容许
adopt,vt. 收养；采取；接受；正式通过 vi. 过继；采取
adult,"adj. 成熟的 成年人的, 适宜于成年人的 n. 成年的人或动物"
advance,n. 前进；预付款；发展；增长 vt. 预付；提出；使……前进；将……提前
advanced,adj. 高级的；先进的；晚期的；年老的 v. 前进；增加；上涨（advance的过去式和过去分词形式）
advantage,"n. 有利条件, 有利因素, 优势 益处, 利益"
adventure,"n. 冒险活动; 冒险经历; 奇遇 冒险, 刺激 vt. & vi. 冒险"
advertise,"vt. 公布, 宣传 vt. & vi. (给…)做广告宣传"
advertisement,n. 广告
advertising,"n. 广告, 广告宣传 adj. 广告的；广告业的；广告业务的"
advice,n. 劝告；忠告；建议
advise,vt. 劝告，忠告；通知；警告；建议 vi. 建议；与…商量
affair,n. 事情；事务；私事；（尤指关系不长久的）风流韵事
affect,vt. 影响；假装；感动；感染 vi. 倾向；喜欢
afford,vt. 给予，提供；买得起
afraid,adj. 害怕的；担心的；恐怕
after,adv. 后来，以后 prep. 在……之后
afternoon,n.下午；下午好
afterwards,"adv. 然后,后来地"
again,adv. 再一次；又，此外
against,prep. 反对，违反；靠；倚；防备 adj. 对立的；不利的
age,n. 年龄；时代；阶段；寿命，使用年限 vi. 变老；成熟
aged,adj. 年老的；…岁的；老年人特有的 v. 变老；成熟；老化（age的过去式）
agency,n. 代理，中介；代理处，经销处
agenda,n. 议程；日常工作事项
agent,n. 代理人，代理商；药剂；特工 vt. 由…作中介；由…代理
aggressive,adj. 侵略的；进攻性的；好斗的；有进取心的
ago,adv. 以前，以往 adj. 过去的；以前的
agree,vt. 同意；赞成；承认 vi. 同意；意见一致
agreement,"n. 协定, 协议, 契约 达成协议 同意"
ah,int. 啊；呀
ahead,adv. 向前；预先；领先 adj. 向前的；领先的
aid,n. 帮助；援助；助手；帮助者 vt. 帮助；援助；有助于
aim,vt. 把…对准；目的在于；引导 vi. 对准目标；打算
air,n. 空气，大气；曲调；天空；样子 vt. 使通风，晾干；夸耀
aircraft,n. 飞机，航空器
airline,n. 航空公司；航线 adj. 航线的
airport,n. 机场；航空站
alarm,n. 警报，警告器；惊慌 vt. 警告；使惊恐
album,n. 相簿；唱片集；集邮簿；签名纪念册
alcohol,n. 酒精，乙醇
alcoholic,adj. 酒精的；含酒精的；酗酒的 n. 酗酒者
alive,adj. 活着的；活泼的；有生气的
all,adj. 全部的 adv. 越发；全然地
all right,
allow,vt. 允许；认可；给予 vi. 容许；考虑
almost,adv. 差不多，几乎
alone,adj. 单独的；孤独的；独自的 adv. 独自地；单独地
along,adv. 向前；一起；来到 prep. 沿着；顺着
already,adv. 已经，早已；先前
also,adv. 也；同样；而且 conj. 并且；另外
alter,vt. 改变，更改 vi. 改变；修改
alternative,adj. 两者择一的；供选择的；非主流的 n. 二者择一；供替代的选择
although,conj. 虽然，尽管
always,adv. 总是；永远，一直；常常
amazed,adj. 惊奇的，吃惊的 v. 使…吃惊；把…弄糊涂（amaze的过去分词）
amazing,adj. 令人惊异的 v. 使吃惊（amaze的ing形式）
ambition,n. 野心，雄心；抱负，志向 vt. 有…野心；追求
ambitious,"adj. 有抱负的, 雄心勃勃的 有野心的"
among,prep. 在…中间；在…之中
amount,vi. 总计，合计；共计；相当于；产生…结果 n. 数量；总额，总数
analyse,vt. 分析；分解；细察
analysis,n. 分析；分解；验定
ancient,adj. 古代的；古老的，过时的；年老的 n. 老人；古代人
and,conj. 和，与；而且；然后；就；但是
anger,n. 怒，愤怒；忿怒 vt. 使发怒，激怒；恼火
angle,n. 角，角度；视角；立场；角铁；（古）鱼钩 v. 斜移；从……角度提供信息；钓鱼；谋取
angry,adj. 生气的；愤怒的；狂暴的；（伤口等）发炎的
animal,n. 动物
ankle,n. 踝关节，踝
anniversary,n. 周年纪念；周年纪念日
announce,vt. 宣布；述说；预示；播报 vi. 宣布参加竞选；当播音员
announcement,"n. 通告,布告,通知;预告 宣告,宣布"
annoy,vt. 骚扰；打搅；惹恼 vi. 令人讨厌；打搅；惹恼
annoyed,adj. 恼怒的；烦闷的 v. 使烦恼；打扰（annoy的过去分词）
annoying,adj. 恼人的；讨厌的 v. 骚扰（annoy的ing形式）
annual,adj. 年度的；每年的 n. 年刊，年鉴；一年生植物
another,adj. 另外的；不同的；又一，另一 pron. 另一个；又一个
answer,vt. 符合；回答 vi. 符合；回答
anxious,adj. 渴望的；担忧的；焦虑的；急切的
any,adj. 任何的；所有的；丝毫 pron. 任何；任何一个；若干
any more,
anybody,pron. 任何人 n. 重要人物
anyone,pron. 任何人；任何一个
anything,pron. 任何事
anyway,adv. 无论如何，不管怎样；总之
anywhere,adv. 无论何处；在任何地方 n. 任何地方
apart,adv. 分离着；相距；与众不同地 adj. 分离的；与众不同的
apartment,"n. 一套房间, 一户 厅堂, 殿堂"
apologize,vt. & vi. 道歉
app,abbr. 穿甲试验（Armor Piercing Proof）；应用（Application）
apparent,adj. 显然的；表面上的
apparently,adv. 表面上；似乎；显然
appeal,vi. 呼吁，恳求；有吸引力，迎合爱好；诉诸，求助；上诉；（体育比赛中）诉诸裁判 n. 上诉；吸引力，感染力；呼吁，请求；诉诸裁判
appear,vi. 出现；似乎；显得；[法]出庭
appearance,"n. 出现, 显露, 露面 外观, 外貌, 外表"
apple,n. 苹果；[俚]家伙
application,"n. 申请, 申请表, 申请书 实际应用, 用途 施用, 敷用, 涂抹"
apply,vt. 应用；申请；涂，敷 vi. 申请；适用；请求；涂，敷
appointment,n. 约会；任命；设备；职位
appreciate,vt. 欣赏；赏识；感激；领会；意识到 vi. 增值
approach,n. 接近；方法；途径 vt. 接近；着手处理
appropriate,"adj. 适当的, 恰当的 vt. 挪用; 占用; 盗用 拨出(款项)"
approval,n. 赞成；批准；认可
approve,vt. 批准；赞成；为…提供证据 vi. 批准；赞成；满意
approximately,"adv. 近似地,大约"
April,n. 四月
architect,n. 建筑师 n. 【喻】缔造者；创造者
architecture,n. 建筑学；结构；一座建筑物；总称建筑物；建筑风格；【计算机】计算机构造，架构，体系结构，结构格式
area,n. 面积；区域，地区；范围
argue,vi. 争论，辩论；提出理由 vt. 辩论，争论；说服；证明
argument,n. 争吵；论据；内容提要；论证
arise,vi. 出现；起立；上升
arm,n. 手臂；袖子；武器；装备 vi. 武装起来
armed,adj. 武装的；有扶手的；有防卫器官的（指动物）
arms,n. 武器；纹章；臂（arm的复数） v. 武装；配备（arm的三单形式）
army,n. 陆军，军队
around,adv. 到处；大约；在附近 prep. 四处；在…周围
arrange,vt. 排列；安排；整理 vi. 安排；排列；协商
arrangement,n. 安排; 解决办法 约定; 协议 布置好的东西 改编曲
arrest,vt. 逮捕；拘留 n. 逮捕；拘留
arrival,n. 到达；到达者；到来
arrive,vi. 到达；成功；出生；达成
art,n. 艺术；美术；艺术品 adj. 艺术的；艺术品的
article,n. 物品；文章；冠词；条款 vt. 订约将…收为学徒或见习生；使…受协议条款的约束
artificial,adj. 人造的；虚伪的；武断的
artist,n. 艺术家；美术家（尤指画家）；大师
artistic,adj. 艺术的；有美感的；风雅的
as,conj. 因为；依照；当…时；随着；虽然 prep. 当作；以…的身份；如同
ashamed,adj. 惭愧的，感到难为情的；耻于……的
ask,vt. 问，询问；邀请；要求；需要；讨价 vi. 要求；问，询问
asleep,adj. 睡着的；麻木的；长眠的 adv. 进入睡眠状态；熟睡地
aspect,n. 方面；外貌；形势；方向
assess,vt. 评定；估价；对…征税
assessment,"n. (为征税对财产所作的)估价 评估,评定 评价,看法 核定的付款额"
assignment,n. 分配；任务；功课；委派；被指定的(课外)作业;(分派的)任务
assist,n. 帮助；助攻 vi. 参加；出席
assistant,"n. 助手, 副手, 助理; 助教"
associate,vt. 联想；联合 n. 伙伴；同事；同伴 adj. 副的；共事的；有联系的 n. 准学士学位获得者 vi. 交往
associated,"adj. 联合的,关联的"
association,n. 协会；社团；交往；联想；联合；结合
assume,vt. 假定；承担；呈现；采取 vi. 装腔作势；多管闲事
at,prep. 在（表示存在或出现的地点、场所、位置、空间）；向；朝；因为；忙于；以（某种价格、速度等）
athlete,n. 运动员，体育家；身强力壮的人
atmosphere,n. 大气；空气；气氛；气压
attach,v.重视；把…固定；认为有重要性（或意义、价值、分量等）；缠着
attack,n. 攻击；抨击；疾病发作 vt. 抨击；攻击；动手干
attempt,n. 企图，试图；攻击 vt. 企图，试图；尝试
attend,vt. 出席；上（大学等）；照料；招待；陪伴 vi. 出席；照料；照顾；致力于
attention,"n. 注意, 专心, 留心 殷勤, 厚待"
attitude,n. 态度；姿势；看法；意见
attract,vt. 吸引；引起 vi. 吸引；有吸引力
attraction,n. 吸引；吸引力；有吸引力的人或事物
attractive,adj. 有吸引力的；有魅力的
audience,n. 观众；听众；接见；读者
August,n. 八月（简写为Aug）; adj. 威严的；令人敬畏的
aunt,n. 伯母；阿姨；舅妈；姑妈
author,n. 作者；作家；创始人 vt. 创作出版
authority,"n. 权力, 职权 官方, 当局 权威, 专家"
autumn,n. 秋天；成熟期；渐衰期，凋落期 adj. 秋天的，秋季的
auxiliary,n. 助动词；辅助物；帮助者 adj. 辅助的；附加的
available,adj. 可利用的；可得到的；有空的；有效的；【政】有资格的，适合的
average,n. 平均；平均数；[商]海损 adj. 平均的；普通的
avoid,vt. 避免；避开，躲避；消除
award,vt. 授予；判定 n. 奖品；判决
aware,adj. 知道的；意识到的；有…方面知识的；懂世故的
away,adv. 离去，离开；在远处
awful,a.可怕的，庄严的
baby,n. 婴儿，婴孩；孩子气的人 vt. 纵容，娇纵；把……当婴儿般对待
back,n. 背部；后面；靠背；足球等的后卫；书报等的末尾 vt. 支持；后退；下赌注；背书
background,"n. (画等的)背景, 底色 背景情况 个人背景资料"
backwards,adv. 向后；倒；往回
bacteria,n. 细菌
bad,adj. 坏的；严重的；劣质的 n. 坏人；坏事
badly,adv. 严重地，厉害地；恶劣地；非常，很
bag,n. 袋；猎获物；（俚）一瓶啤酒 vt. 猎获；把…装入袋中；[口]占据，私吞；使膨大
bake,"vt. & vi. 烤, 烘焙"
balance,n. 平衡；匀称；余额 vt. 使平衡；结算；使相称
ball,n. 球；舞会 vi. 成团块
ban,v. 禁止；剥夺权利 n. 禁令；禁止
banana,n. 香蕉；喜剧演员；大鹰钩鼻
band,n. 带；松紧带；传送带；乐队；一帮 vi. 联合；聚焦
bank,n. 银行；岸；储库；浅滩 vt. 将…存入银行；倾斜转弯
bar,n. 酒吧；条，棒；障碍 vt. 禁止；阻拦
barrier,n. 障碍物，屏障；界线 vt. 把…关入栅栏
base,n. 底部；垒；基础 adj. 卑鄙的；低劣的
baseball,n. 棒球运动；棒球
based,v. 立基于，以…为基础（base的过去式和过去分词） adj. 有根基的
basic,adj. 基本的；基础的 n. 基础；要素
basically,"adv. 基本上, 根本上, 本质上"
basis,n. 底部；基础；主要成分；基本原则或原理
basketball,n. 篮球(运动) 篮球
bath,n. 浴室；沐浴；浴盆 vt. 洗澡
bathroom,n. 浴室；厕所；盥洗室
battery,n. 电池，蓄电池
battle,n. 战役；斗争 vi. 作战；斗争
be,prep. 在，存在；是
beach,n. 海滩；湖滨 vt. 将…拖上岸
bean,n. 豆；[动]嘴峰；[美口]毫无价值的东西 vt. [美口]击…的头部
bear,n. 熊 v. 忍受；负荷；结果；证实；生子女
beat,vt. 打；打败 vi. 打；打败；拍打；有节奏地舒张与收缩
beautiful,"adj. 美丽的, 悦目的 极好的, 很好的"
beauty,n. 美；美人；美好的东西；美丽
because,conj. 因为
become,vi. 变成；变得；成为 vt. 适合；相称
bed,n. 床；基础；河底， 海底 vt. 使睡觉；安置，嵌入；栽种
bedroom,n. 卧室 adj. 两性关系的；城郊住宅区的
bee,n. 蜜蜂，蜂；勤劳的人
beef,n. 牛肉；食用牛；肌肉；牢骚 vi. 抱怨，告发；发牢骚
beer,n. 啤酒 vi. 喝啤酒
before,prep. 在…之前，先于 adv. 在前；以前
beg,vt. 恳求；乞讨；回避正题 vi. 请求；乞讨
begin,vt. 开始 vi. 开始；首先
beginning,n. 开始；开端；起源；早期 adj. 刚开始的
behave,vi. 表现；举止端正；（机器等）运转；（事物）起某种作用 vt. 使守规矩；使表现得…
behaviour,n. 行为；举止；品行
behind,prep. 在...之后；迟于...；落后于；基于；追赶 adv. 在后面地；落后地；迟；不如 n. 屁股
being,n. 存在；生命；本质；品格 adj. 存在的；现有的
belief,n. 相信，信赖；教义；信仰
believe,vi. 信任；料想；笃信宗教 vt. 相信；认为；信任
bell,n. 铃，钟；钟声，铃声；钟状物 vt. 装钟于，系铃于
belong,vi. 属于，应归入；适宜；应被放置；居住
below,adv. 在下面，在较低处；在本页下面 prep. 在…下面
belt,n. 地带；带；腰带 vt. 用带子系住；用皮带抽打
bend,vt. 使弯曲；使屈服；使致力；使朝向 vi. 弯曲，转弯；屈服；专心于；倾向
benefit,n. 利益，好处；救济金 vt. 有益于，对…有益
bent,n. 爱好，嗜好 adj. 弯曲的；决心的
best,n. 最好的人，最好的事物；最佳状态 adj. 最好的
bet,n. 打赌，赌注；被打赌的事物 vt. 打赌；敢断定，确信
better,n. 较好者；打赌的人（等于bettor）；长辈 adv. 更多的；更好的；较大程度地
between,prep. 在…之间 adv. 在中间
beyond,prep. 超过；越过；在...较远的一边；那一边 adv. 在更远处；在远处
bicycle,n. 自行车 vi. 骑脚踏车
big,adj. 大的；重要的；量大的 adv. 大量地；夸大地；顺利
bike,n. 自行车；脚踏车 vi. 骑自行车（或摩托车）
bill,n. 帐单；法案；广告；钞票；票据；清单 vt. 宣布；开帐单；用海报宣传
billion,n. 十亿；大量 num. 十亿
bin,"n. 大储藏箱 宽口箱(如面包箱, 垃圾箱等)"
biology,n. 生物学；（一个地区全部的）生物
bird,n. 鸟；家伙；羽毛球 vt. 向…喝倒彩；起哄
birth,n. 出生；血统，出身；起源
birthday,n. 生日，诞辰；诞生的日子
biscuit,n. 小点心，饼干
bit,n. 少量；马嚼子；比特（二进位制信息单位）；辅币；[口]老一套 vt. 控制
bite,v. 咬；叮；蜇 n. 咬；一口；(被咬的)伤痕
bitter,adj. 苦的；痛苦的；充满仇恨的；尖刻的 n. 苦味；苦啤酒
black,adj. 黑的；不加牛奶的；很脏的；愤怒的；令人沮丧的；邪恶的；阴沉的；机密的；黑色幽默的 n. 黑色；黑人；黑色物 v. 抵制；(使)变黑
blame,vt. 责备；归咎于 n. 责备；过失；责任
blank,adj. 空白的；空虚的；单调的 n. 空白；空白表格；空虚
blind,adj. 瞎的；盲目的 adv. 看不见地；盲目地
block,n. 块；街区；障碍物；大厦 vt. 阻塞；阻止；限制
blog,n. 博客；网络随笔；日志
blonde,adj. 金发碧眼的；白皙的；（头发）亚麻色的 n. 金发女郎
blood,n. 血，血液；血统 vt. 从…抽血；使先取得经验
blow,n. 吹；殴打；打击 vi. 风吹；喘气
blue,adj. 蓝色的；忧郁的，沮丧的；下流的 n. 蓝色
board,n. 木板；甲板；膳食；董事会 vt. 用板盖上；上（飞机、车、船等）；给提供膳宿
boat,n. 小船；轮船 vi. 划船
body,n. 身体；主体；团体；主要部分；大量 vt. 赋以形体
boil,vi. 煮沸，沸腾；激动，激昂 vt. 煮沸，烧开；使…激动；使…蒸发
bomb,vt. 轰炸，投弹于 vi. 轰炸，投弹；失败
bond,n. 结合；粘合剂；债券；约定 vi. 结合，团结在一起
bone,n. 骨；骨骼；香烟；一首歌 vt. 剔去...的骨；施骨肥于
book,n. 书籍；帐簿；卷；名册；工作簿 vt. 预订；登记
boot,vt. 使穿靴；引导；踢；解雇 n. 靴子；汽车行李箱；踢
border,n. 边界；边境；国界 vt. 接近；与…接壤；在…上镶边
bored,adj. 无聊的；烦人的；无趣的 v. 烦扰；使厌烦（bore的过去式）
boring,adj. 令人厌烦的；无聊的 n. 钻孔
born,v. 出世（bear的过去分词） adj. 天生的
borrow,vi. 借；借用；从其他语言中引入 vt. 借用；借
boss,n. 老板；工头；首领 vt. 指挥，调遣；当…的领导
both,adj. 两者的；两个的 adv. 又；并；两者皆
bother,vt. 烦扰，打扰；使……不安；使……恼怒 vi. 烦恼；操心，麻烦
bottle,n. 瓶子；一瓶的容量 vt. 把…装入瓶中；控制
bottom,n. 底部；臀部；末端；尽头 adj. 底部的
bowl,n. 碗；木球；大酒杯 vi. 玩保龄球；滑动；平稳快速移动
box,n. 箱，盒子；包厢；一拳 vi. 拳击
boy,n. 男孩；[美口]男人
boyfriend,n. 男朋友
brain,n. 脑袋；头脑，智力 vt. 猛击…的头部
branch,vt. 分支；出现分歧 vi. 分支；出现分歧
brand,"n. 商标, 牌子 烙印 vt. 打烙印于, 以烙铁打 加污名于, 谴责"
brave,adj. 勇敢的；华丽的 vt. 勇敢地面对
bread,n. 面包 生计
break,n. 休息，中断；破裂处 vt. 打破，弄破；中断；弄坏；削弱
breakfast,n. 早餐 v. 吃早餐；用早餐
breast,n. 乳房，胸部；胸怀；心情 vt. 以胸对着；与…搏斗
breath,n. 呼吸，气息；一口气，（呼吸的）一次；微风；瞬间，瞬息；迹象；[语]无声音，气音
breathe,vi. 呼吸；低语；松口气；（风）轻拂 vt. 呼吸；流露；使喘息；低声说
breathing,n. 呼吸
bride,n. 新娘；[英俚]姑娘，女朋友
bridge,n. 桥；桥牌；船桥；桥接器 vt. 渡过；架桥
brief,adj. 简短的，简洁的；短暂的，草率的 n. 概要，诉书；摘要，简报
bright,adj. 明亮的，鲜明的；聪明的；愉快的 adv. 欢快地；明亮地；光明地
brilliant,"adj. 闪光的, 明亮的 光辉的, 辉煌的"
bring,vt. 带来；引起；促使；使某人处于某种情况或境地
broad,adj. 宽的，辽阔的；显著的；大概的 n. 宽阔部分
broadcast,v. 广播；散布；撒播 n. 广播；广播节目
broken,adj. 坏掉的；破碎的 v. 打碎；折断；损坏（break的过去分词）
brother,n. 兄弟；战友；同事 int. [俚]我的老兄！
brown,adj. 棕色的，褐色的；太阳晒黑的 vi. 变成褐色
brush,n. 刷子；画笔；毛笔；争吵 vt. 刷；画
bubble,n. 气泡，泡沫，泡状物；透明圆形罩，圆形顶 vi. 沸腾，冒泡；发出气泡声
budget,n. 预算，预算费 vt. 安排，预定；把…编入预算
build,vt. 建筑；建立 vi. 建筑；建造
building,n. 建筑；建筑物 v. 建筑；建立；增加（build的ing形式）
bullet,n. 子弹；只选某党全部候选人的投票；[美俚]豆子 vi. 射出；迅速行进
bunch,n. 串；群；突出物 vi. 隆起；打褶；形成一串
burn,vt. 燃烧；烧毁，灼伤；激起…的愤怒 vi. 燃烧；烧毁；发热
bury,vt. 埋葬；隐藏
bus,n. 公共汽车
bush,n. 矮树丛；灌木 vt. 以灌木装饰；使…精疲力竭
business,n. 商业；生意；交易；事情
businessman,n. 商人
busy,adj. 忙碌的；热闹的；正被占用的 vt. 使忙于
but,conj. 但是；然而；而是 adv. 仅仅，只
butter,vt. 涂黄油于；[口]讨好 n. 黄油；奶油；奉承话
button,n. [计]按钮；钮扣 vt. 扣紧；扣住；在…上装钮扣
buy,vt. 购买；获得；贿赂 vi. 买，采购
by,prep. 被；经由；在……之前；在附近；依据；通过 adv. 经过；通过；附近；[域]白俄罗斯
bye,int. 再见 n. 轮空；次要的东西
cable,n. 电缆；海底电报 vt. 打电报
cafe,n. 咖啡馆；小餐馆
cake,n. 蛋糕；块状物；利益总额 vt. 使结块
calculate,v. 计算；估计；考虑；推测；计划；指望
call,vi. 呼叫；拜访；叫牌 vt. 呼叫；召集；称呼
calm,adj. 静的，平静的；沉着的 vt. 使平静；使镇定
camera,n. 照相机；摄影机
camp,vi. 扎营；露营 vt. 扎营；使扎营
campaign,n. 运动；战役
camping,n. 露营；野营 v. 扎营；露营；临时安顿（camp的ing形式）
campus,n. （大学）校园；大学，大学生活；校园内的草地
can1,
can2,
cancel,vt. 取消；删去 vi. 取消；相互抵销
cancer,n. 癌症；恶性肿瘤
candidate,"n. 申请求职者, 候选人 报考者"
cannot,v. 不能；无法
cap,n. 帽子；盖 vi. 脱帽致意
capable,adj. 能干的，能胜任的；有才华的
capacity,n. 能力；容量；生产力；资格，地位
capital,n. 首都，省会；大写字母；资金；资本家 adj. 重要的；大写的；首都的
captain,n. 船长；队长，首领；上尉；海军上校 vt. 指挥；率领
capture,vt. 俘获；夺得 n. 战利品，俘虏；捕获
car,n. 汽车；车厢
card,n. 卡片；纸牌；明信片 vt. 记于卡片上
care,n. 照料；忧虑；关怀；谨慎 vi. 关心；喜爱；照顾；顾虑
career,n. 事业，职业；生涯
careful,adj. 仔细的，小心的
carefully,adv. 小心谨慎地;警惕地 仔细地;周密地
careless,adj. 粗心的；无忧无虑的；淡漠的
carpet,n. 地毯
carrot,n. 胡萝卜
carry,vt. 拿，扛；搬运；携带；支持 vi. 被携带；被搬运；能达到
cartoon,n. 卡通片，动画片；连环漫画 vt. 为…画漫画
case,n. 情况；实例；箱 vt. 把…装于容器中；包围
cash,n. 现款，现金 vt. 将…兑现；支付现款
cast,vt. 投，抛；投射（光、影、视线等）；浇铸；计算 n. 投掷，抛；铸件，铸型；演员阵容；脱落物
castle,n. 城堡；象棋中的车 vt. 置…于城堡中；筑城堡防御
cat,n. 猫；猫科动物
catch,vt. 赶上；抓住；感染；了解 vi. 赶上；抓住
category,n. 种类，分类；范畴
cause,n. 原因；事业；目标 vt. 引起；使遭受
CD,abbr. 光盘，激光唱片（Compact Disc）；呼叫设备（Calling Device）；中央地区（Central District）；商务部（Commerce Department）
CEFR,
ceiling,n. 天花板；上限
celebrate,"vt. & vi. 庆祝 vt. 颂扬, 赞美, 歌颂"
celebration,n. 庆祝 庆祝会(仪式)
celebrity,"n. 名人, 名流; 名声, 名誉"
cell,n. 细胞；电池；蜂房的巢室；单人小室 vi. 住在牢房或小室中
cent,n. 分；一分的硬币；森特（等于半音程的百分之一）
central,adj. 中心的；主要的；中枢的 n. 电话总机
centre,vi. 以…为中心 vt. 集中；将…放在中央
century,n. 世纪，百年；（板球）一百分
ceremony,n. 典礼，仪式；礼节，礼仪；客套，虚礼
certain,adj. 某一；确信；无疑的；有把握的；必然的 pron. 某些；某几个
certainly,adv. 无疑地; 确定地
chain,n. 链；束缚；枷锁 vt. 束缚；囚禁；用铁链锁住
chair,n. 椅子；（会议的）主席位；大学教授的职位；讲座 vt. 使…入座；使就任要职；担任（会议的）主席
chairman,n. 主席，会长；董事长
challenge,n. 挑战；邀请比赛；盘问；质疑 v. 向 ... 挑战；盘问；质疑
champion,n. 冠军；拥护者；战士 vt. 拥护；支持
chance,n. 可能性；机会，际遇；运气，侥幸 vt. 偶然发生；冒……的险
change,n. 变化；零钱 v. 改变
channel,n. 频道；海峡；方法；通道；（消息）渠道 vt. 引导；形成河道；集中（精力）
chapter,n. 章，回；人生或历史上的重要时期；（俱乐部、协会等的）分会 vt. 把…分成章节
character,n. 个性；品质；字符；人物；名誉；地位 adj. [剧](角色)代表某一特性的
characteristic,adj. 典型的；特有的；表示特性的 n. 特征；特性；特色
charge,n. 费用；掌管；控告；负载；电荷；命令 vt. 装载；对…索费；使承担；向…冲去；指责；使充电
charity,n. 施舍；慈善；慈善团体；施舍物；宽容
chart,n. 图表；海图；图纸 vt. 绘制…的图表；在海图上标出；详细计划
chat,vi. 聊天；闲谈 vt. 与…搭讪；与…攀谈
cheap,adj. 便宜的；[口]小气的；不值钱的 adv. 便宜地
cheat,vt. 欺骗；骗取 vi. 欺骗；作弊
check,vi. 证明无误；核对无误；将军（象棋） vt. 检查；寄存；制止
cheerful,adj. 高兴的；快乐的；愉快的
cheese,n. 奶酪；干酪；[美俚]要人 vt. [俚]停止
chef,n. 厨师，大师傅
chemical,n. 化学制品，化学药品 adj. 化学的
chemistry,n. 化学
chest,n. 胸，胸部；箱子；衣柜；金库
chicken,n. 小鸡；鸡肉；胆小鬼，懦夫 adj. 鸡肉的；幼小的；胆怯的
chief,n. 酋长；首领；主要部分 adj. 主要的；首席的；主任的
child,n. 儿童，孩子；子孙；产物
childhood,"n. 童年, 儿童时代"
chip,vt. 削，凿；削成碎片 vi. 碎裂；剥落
chocolate,n. 巧克力；巧克力糖；巧克力色 adj. 巧克力的；巧克力色的
choice,n. 选择；选择权；精选品 adj. 精选的；仔细推敲的
choose,vt. 选择，决定 vi. 选择，挑选
church,n. 教堂；礼拜；教派 adj. 教会的；礼拜的
cigarette,n. 香烟，卷烟，烟卷
cinema,n. 电影院；电影；电影业，电影制作术
circle,n. 圆；圆形物；循环，周期；圈子 vi. 盘旋，旋转；环行
circumstance,n. 环境；详情；事件；(复数)境况
cite,vt. 引用；传讯；想起；表彰
citizen,n. 公民；市民；老百姓
city,n. 城市，都市 adj. 都会的；城市的
civil,adj. 公民的；民间的；文职的；有礼貌的；根据民法的
claim,n. 要求；要求权；主张；断言；声称；要求物 vt. 要求；请求；主张；声称；断言
class,n. 班级；阶级；种类 vt. 分类；把…分等级
classic,n. 杰作；古典作品；第一流艺术家 adj. 最优秀的；传统的；古典的
classical,adj. 古典的；权威的；传统的；正统的
classroom,"n. 教室, 课堂"
clause,n. 条款；子句
clean,adj. 清洁的，干净的；清白的 vt. 使干净
clear,adj. 清楚的；清澈的；晴朗的；无罪的 vt. 清除；跳过；使干净；通过
clearly,adv. 明净地；清晰地；无疑地；明显地
clever,adj. 聪明的；机灵的；熟练的
click,vt. 点击；使发咔哒声 vi. 作咔哒声 n. 单击；滴答声
client,n. 委托人；顾客；客户
climate,n. 气候；风气；思潮；风土
climb,vi. 攀登；爬；上升 vt. 攀登；爬；上升
clock,n. 时钟；计时器 vt. 记录；记时
close1,
close2,
closed,adj. 关着的；不公开的 v. 关；结束；接近（close的过去分词）
closely,adv. 接近地；严密地；紧密地；亲近地
cloth,n. 布，织物；餐巾
clothes,n. 衣服
clothing,n. （总称）服装；[航海]帆装 v. 给…穿衣；覆盖（clothe的ing形式）
cloud,n. 云；云状物；一大群；阴云；黑斑 vt. 以云遮敝；使混乱；使忧郁；玷污
club,n. 俱乐部，社团；夜总会；（扑克牌中的）梅花；棍棒 vt. 用棍棒打；募集
clue,n. 线索；（故事等的）情节 vt. 为…提供线索；[口]为…提供情况
coach,n. 教练；旅客车厢；长途公车；四轮大马车 vt. 训练；指导
coal,n. 煤；木炭 vt. 烧成炭；供应煤 vi. 加煤；装煤
coast,vi. 沿岸航行；滑行 vt. 沿…岸航行
coat,n. 外套 vt. 覆盖…的表面
code,n. 代码，密码；法典；编码 vt. 编码；制成法典
coffee,n. 咖啡；咖啡豆；咖啡色
coin,n. 硬币 vt. 制造硬币 创造
cold,adj. 寒冷的；冷淡的，不热情的；失去知觉的 n. 寒冷；感冒
collapse,vi. 倒塌；瓦解；暴跌 vt. 使倒塌，使崩溃；使萎陷
colleague,n. 同事
collect,vt. 收集；募捐 vi. 收集；聚集；募捐
collection,n. 收集；收取，托收；聚集；收藏品；募捐
college,n. 学院；学会；大学
colour,vt. 把…涂颜色，粉饰；歪曲；使脸红 vi. 变色
coloured,adj. 有色的；着色的 n. 混血人；有色人种的人
column,n. 圆柱，柱形物；纵队，列；专栏
combination,n. 结合；结合到一起的事物或人；密码
combine,vt. 使联合，使结合；使化合 vi. 联合，结合；化合
come,vi. 来；出现；到达；变成；开始；发生 vt. 做；假装；将满（…岁）
comedy,n. 喜剧；喜剧性；有趣的事情
comfort,n. 安慰；舒适；安慰者 vt. 安慰；使（痛苦等）缓和
comfortable,"adj. 安逸的, 使人舒服的 丰富的"
command,vi. 命令，指挥；控制 vt. 命令，指挥；控制；远望
comment,n. 评论；意见；批评 vi. 发表评论；发表意见
commercial,adj. 商业的，商务的 n. 商业广告
commission,"n. 授权, 委托 委员会 佣金, 回扣 vt. 委任, 委托"
commit,v. 犯罪；承诺；委托；托付
commitment,n. 承诺；保证；信奉；献身；委任；交押
committee,n. 委员会
common,adj. 普通的；共同的；通常的；一般的 n. 平民；普通；公有地
commonly,adv. 一般地；通常地；普通地
communicate,"vt. & vi. 传达; 表达 vi. 通讯; 交际, 交流 相连; 相通"
communication,n. 交流；通讯；传达；通信；沟通
community,"n. 社区, 社会, 团体 大众, 公众 共有, 共享"
company,n. 公司；陪伴，同伴；连队 vi. 交往
compare,vt. 比较；对照；比喻为 vi. 相比；比较
comparison,n. 比较；比喻
compete,vi. 竞争；比赛；对抗
competition,n. 比赛 竞争
competitive,adj. 竞争的；有竞争力的；胜过或超过他人的
competitor,"n. 竞争者,对手,敌手"
complain,vi. 发牢骚；投诉；诉说 vt. 抱怨；控诉
complaint,n. 抱怨；疾病；诉苦；控告；投诉
complete,adj. 完全的；完整的；彻底的 vt. 完成
completely,"adv. 完整地, 完全地"
complex,adj. 复杂的；合成的 n. 复合体；综合设施
complicated,adj. 结构复杂的
component,n. 零部件；元件；组成部分；成分 adj. 组成的；构成的
computer,n. 电脑；计算机；电子计算机
concentrate,"vt. & vi. 专心于; 注意 集中, 聚集 vt. 浓缩"
concentration,"n. 专心, 专注 集中, 集结"
concept,n. 观念，概念
concern,vt. 涉及，关系到；使担心 n. 关心；关系；关心的事
concerned,"adj. 担心的, 烦恼的, 忧虑的"
concert,n. 音乐会；和谐；一致 vt. 使协调；协同安排
conclude,vt. 推断出；缔结；使结束 vi. 结束；总结；作决定；作协议
conclusion,n. 结尾；结论；结束
condition,n. 条件；情况 v. 训练；决定；以 ... 为条件；护理（头发）
conduct,n. 行为；举动；品行 v. 引导；指挥；管理 vt. 导电；传热
conference,n. 会议；讨论会；协商会；会谈
confidence,"n. 信任 信心, 自信 知心话, 私房话"
confident,"adj. 确信的, 肯定的 有信心的, 自信的"
confirm,vt. 确认；批准；证实；确定；使巩固
conflict,n. 冲突，矛盾；争执；斗争 vi. 冲突，抵触；争执；战斗
confused,adj. 困惑的；混乱的；糊涂的 v. 困惑（confuse的过去式）
confusing,"adj. 莫名其妙的, 难以理解的"
connect,vt. 连接；联合；关连 vi. 连接，连结；联合
connected,adj. 相关的；连接的；连贯的
connection,n. 联系；关系；连接；亲戚
conscious,adj. 意识到的
consequence,"n. 结果, 后果 重要(性), 重大"
conservative,"n. 保守的人 adj. 保守的, 守旧的 (式样等)不时新的, 传统的"
consider,vt. 认为；考虑；细想；考虑到 vi. 认为；考虑；细想
consideration,n. 考虑；体贴；考虑因素；敬重；意见
consist,vi. 组成；在于；符合
consistent,adj. 始终如一的；持续的；一致的
constant,adj. 不变的；恒定的；经常的 n. 常数；恒量
constantly,adv. 不断地;时常地
construct,"vt. 修建, 建立 构成, 组成"
construction,n. 建设；结构；建筑物；建造；构造；解释
consume,vt. 消耗，消费；使…著迷；挥霍 vi. 耗尽，毁灭；耗尽生命
consumer,n. 用户，顾客；消费者
contact,n. 接触，联系 vt. 使接触
contain,vt. 包含；容纳；控制；牵制（敌军） vi. 含有；自制
container,"n. 容器 集装箱, 货柜"
contemporary,"adj. 当代的 同时代的, 同属一个时期的 n. 同代人, 同龄人"
content1,
contest,vt. 争辩；提出质疑 vi. 竞争；争辩
context,n. 上下文；环境；背景
continent,n. 大陆；洲；(the Continent)欧洲大陆
continue,vi. 仍旧，连续；继续，延续 vt. 继续说…；使…继续；使…延长
continuous,adj. 连续的；继续的；连绵不断的
contract,n. 合同；婚约；合约；契约 v. 缩小；订合同；缩短；感染（疾病）；招致
contrast,vi. 对比；形成对照 vt. 使对比；使与…对照
contribute,"vt. & vi. 捐献, 捐助, 贡献出 撰稿, 投稿 vi. 起促成作用"
contribution,"n. 捐助物, 贡献 捐款"
control,n. 控制；管理；抑制；操纵装置 vt. 控制；管理；抑制
convenient,adj. 便利的；方便的
conversation,"n. 交谈, 谈话, 会话"
convert,vt. 使转变；转换…；使…改变信仰 vi. 转变，变换；皈依；改变信仰
convince,vt. 使确信，使信服；说服
convinced,adj. 确信的 有坚定信仰的
cook,vt. 烹调，煮 vi. 烹调，做菜
cooking,n. 烹饪 adj. 烹调用的
cool,adj. 冷静的；凉爽的；[口]出色的 vt. 使…冷却；使…平静下来
copy,vi. 复制；复印；抄袭 vt. 复制；复印；抄袭
core,n. 核心；果心；要点；磁心 vt. 挖...的核
corner,n. 角落，拐角处；困境，窘境；地区，偏僻处 vi. 相交成角；囤积
corporate,"adj. 社团的, 法人的"
correct,vt. 改正；告诫 vi. 纠正错误；调整
correctly,adv. 正确地;得体地
cost,vt. 花费；使付出；使花许多钱 n. 费用，代价，成本；损失
costume,n. 服装，装束；戏装，剧装 vt. 给…穿上服装
cottage,n. 村舍；小屋；（农舍式的）小别墅
cotton,n. 棉花；棉线；棉布 vi. 和谐；一致；理解；亲近
could,aux. 能够 v. 能（can的过去式）
council,n. 理事会；会议；委员会；顾问班子；地方议会
count,v. 数数；计算总数；把……算入，包括；重要；正式接纳；认为，看作 n. 总数；数数；量的计数；事项，罪状；观点；伯爵；（纱线的）支数
country,n. 国家；故乡 adj. 乡下的；粗野的
countryside,"n. 乡下, 农村"
county,n. 郡，县
couple,n. 数个；对；夫妇 vi. 结合；成婚
courage,n. 勇气；胆量
course,n. 进程；过程；道路；一道菜 vt. 跑过；追赶
court,n. 法院；朝廷；球场；奉承 vt. 向…献殷勤；设法获得；招致（失败、危险等）
cousin,n. 堂兄弟姊妹；表兄弟姊妹
cover,vt. 包括；涉及；采访，报导 n. 盖子；封面，封皮；掩蔽物
covered,adj. 有屋顶的；覆盖了的；隐蔽着的 v. 覆盖；包括；掩护（cover的过去分词）
cow,n. 奶牛，母牛；母兽 vt. 威胁，恐吓
crash,n. 碰撞；崩溃；坠落 vt. 破碎；撞碎；坠落
crazy,adj. 疯狂的；狂热的，着迷的
cream,n. 奶油，乳脂；乳酪；精华；面霜
create,vt. 造成；创造，创作
creation,n. 创造，创作；创作物，产物
creative,adj. 创造性的
creature,n. 动物，生物；人；创造物
credit,n. 信用，信誉；信任；贷款；声望；学分 vt. 相信，信任；把…归给，归功于；赞颂
crew,n. 全体人员，全体船员；队，组 vi. 一起工作
crime,n. 罪行，犯罪；罪恶；犯罪活动 vt. 控告……违反纪律
criminal,n. 罪犯 adj. 犯罪的；刑事的；罪恶的
crisis,n. 危机；决定性时刻；危险期 adj. 危机的；用于处理危机的
criterion,"n. (批评、判断等的)标准, 准则"
critic,n. 批评家，评论家；爱挑剔的人
critical,adj. 批评的，爱挑剔的；决定性的；危险的；临界的；鉴定的；评论的
criticism,"n. 批评, 批判, 指责 评论, 评论文章"
criticize,"vt.&vi.评论, 批评"
crop,n. 农作物；庄稼；产量；平头 vt. 种植；收割；修剪；剪短
cross,n. 十字架，十字形物；交叉，十字 vi. 交叉；横过；杂交
crowd,n. 群众，一伙；一堆，许多，大众 v. 拥挤，挤满，挤进
crowded,adj. 拥挤的；塞满的 v. 拥挤（crowd的过去分词）
crucial,adj. 决定性的；重要的；定局的；决断的
cruel,adj. 残酷的，残忍的；使人痛苦的
cry,vt. 叫喊；哭出；大声说 n. 叫喊；叫声；口号；呼叫
cultural,adj. 文化的；教养的
culture,n. 文化，文明；修养；栽培 vt. 培养（等于cultivate）
cup,n. 杯子；奖杯；酒杯 vt. 使成杯状；为…拔火罐
cupboard,n. 食橱；碗柜
cure,vt. 治愈；治疗；加工处理；使硫化 vi. 受治疗；痊愈；治病；被硫化；被加工处理
curly,adj. 卷曲的；卷毛的；（木材）有皱状纹理的；蜷缩的
currency,n. 货币；通货
current,adj. 现在的；最近的；草写的；流通的，通用的 n. 趋势；涌流；（水，气，电）流
currently,adv. 当前;目前;眼下
curtain,n. 窗帘；幕 vt. 遮蔽；装上门帘
curve,n. 曲线；弯曲；曲线球；曲线图表 vt. 使弯曲；弯
curved,adj. 弯曲的；弄弯的 n. 倒弧角
custom,n. 风俗；习惯；海关 adj. 定制的，定做的
customer,n. 顾客；[口]家伙
cut,n. 伤口；切口；削减；（服装等的）式样；[体育]削球；切入 vt. 切割；削减；缩短；刺痛
cycle,n. 循环；周期；整套；自行车；一段时间 vt. 使循环；使轮转
dad,n. 爸爸；爹爹
daily,adj. 每日的；日常的 n. 日报；[美口]朝来夜去的女佣
damage,vi. 损害；损毁；赔偿金 n. 损害；损毁
dance,n. 舞蹈；舞曲；舞会 vi. 跳舞；飘扬；跳跃
dancer,n. 舞女；跳舞者；舞蹈家；舞蹈演员
dancing,n. 舞蹈；跳舞 v. 跳舞；摇晃（dance的ing形式）
danger,n. 危险；危险物，威胁
dangerous,"adj. 有危险的, 危险的"
dark,adj. 黑暗的，深色的；无知的；模糊的；忧郁的 n. 黑暗；黄昏；模糊；夜
data,n. 资料；数据（datum的复数）
date,n. 日期；约会；年代；枣椰子 vi. 注明日期；始于（某一历史时期）；过时
daughter,n. 女儿；子代 adj. 女儿的；子代的
day,n. 一天；白昼；时期 adv. 每天；经常在白天地
dead,adj. 无生命的；废弃了的；呆板的 adv. 完全地
deal,n. 协定；交易；大量 v. 应付；分配；处理；交易；经营
dear,adj. 亲爱的；昂贵的；尊敬的 adv. 高价地；疼爱地
death,n. 死；死亡；死神；毁灭
debate,vt. 辩论，争论，讨论 vi. 辩论，争论，讨论
debt,n. 债务；借款；罪过
decade,n. 十年，十年期；十
December,n. 十二月
decent,adj. 得体的；正派的；相当好的
decide,vt. 决定；判决；解决 vi. 决定，下决心
decision,n. 决定，决心；决议
declare,vt. 宣布，声明；断言，宣称 vi. 声明，宣布
decorate,vt. 装饰；布置；授勋给 vi. 装饰；布置
decoration,"n. 装饰,装潢 装饰品 奖章,勋章"
decrease,n. 减少，减小；减少量 vi. 减少，减小
deep,n. 深处；深渊 adj. 深的；深奥的；低沉的
deeply,adv. 深刻地；在深处；浓浓地
defeat,vt. 击败，战胜；使…失败；挫败 n. 失败；战胜
defence,n. 防御；防卫；防卫设备；答辩
defend,vt. 防护；辩护 vi. 防守；保卫
define,vt. 定义；使明确；规定
definite,adj. 确切的；一定的
definitely,"adv. 明确地, 确切地 一定地, 肯定地"
definition,"n. 定义, 释义 清晰(度), 鲜明(度) 清楚的说明; 轮廓"
degree,n. 程度，等级；度；学位；阶层
delay,vi. 耽搁；延期 vt. 延期；耽搁
deliberate,adj. 深思熟虑的；故意的；从容不迫的 v. 仔细考虑；研讨
deliberately,"adv. 慎重地;谨慎地 故意地,蓄意地 从容不迫地,不慌不忙地"
delicious,adj. 美味的；可口的
delight,n. 高兴 vi. 高兴
delighted,"adj. 喜欢的, 高兴的"
deliver,vt. 发表；递送；释放；给予（打击）；交付；给…接生 vi. 传送；投递；履行；实现
delivery,n. 交付；递送；分娩
demand,vt. 要求；需要；查询 vi. 请求；查问；需要
demonstrate,vt. 证明；演示；示范 vi. 示威
dentist,n. 牙科医生
deny,vt. 否定，否认；拒绝给予；拒绝…的要求 vi. 否认；拒绝
department,"n. 部, 部门, 系"
departure,"n. 离开, 离去"
depend,vi. 依赖，依靠；相信，信赖；取决于
depressed,adj. 沮丧的；降低的；不景气的；萧条的；[动]扁平的；[植]匍匐的
depressing,adj. 令人沮丧的
depth,n. 深度；深奥
describe,vt. 描述，形容；描绘
description,n. 描述；刻画；类型；说明书
desert,vt. 遗弃；放弃；逃跑 vi. 遗弃；逃掉；开小差
deserve,vi. 应受，应得 vt. 应受，应得
design,vt. 设计；计划；构思 n. 设计；图案
designer,n. 设计师；谋划者 adj. 由设计师专门设计的；享有盛名的；赶时髦的
desire,n. 欲望；要求，心愿；性欲 vt. 要求；想要；希望得到…
desk,n. 办公桌；服务台；编辑部；（美）讲道台；乐谱架 adj. 书桌的；桌上用的；伏案做的
desperate,adj.令人绝望的；非常严重的；不顾一切的
despite,prep. 尽管，不管 n. 轻视；憎恨；侮辱
destination,"n. 目的地, 终点"
destroy,vt. 毁坏；破坏；消灭
detail,n. 细节，详情 vt. 详述；选派
detailed,adj. 详细的，精细的；复杂的，详尽的 v. 详细说明（detail的过去分词）
detect,vt. 发现；察觉；探测
detective,n. 侦探
determine,v. 决定；决心；确定；测定
determined,adj. 坚定的；坚决的；果断的；确定的，既定的
develop,vt. 开发；使成长；进步；使显影 vi. 发育；生长；显露；进化
development,"n. 发展, 生长 新阶段, 新事态; 新产品, 新发明 新开发地"
device,n. 装置；策略；图案
diagram,n. 图表；图解 vt. 用图解法表示
dialogue,n. 对话；意见交换 vi. 对话
diamond,n. 钻石，金刚石；菱形；方块牌 adj. 金刚钻的；菱形的
diary,n. 日记簿；日志，日记
dictionary,"n. 词典, 字典"
die,v. 死；枯竭；消失；渴望 n. 骰子；印模；金属模子
diet,n. 饮食；食物；规定饮食 vi. 节食
difference,n. 差异；不同；争执
different,"adj. 不同的, 差异的 个别的, 另外的 各式各样的"
differently,adv. 不同地
difficult,adj. 困难的；艰难的；(人)难对付的；不易相处的
difficulty,n. 困难；争议；麻烦
dig,vt. 挖，掘；探究 vi. 挖掘
digital,adj. 数字的；手指的 n. 数字；键
dinner,n. 宴会；正餐；晚餐，晚宴
direct,adj. 直接的；亲身的；恰好的；直系的 vt. 指向；管理；指挥；导演
direction,n. 方向；指导；用法说明；趋势；目标；管理
directly,adv. 直接地；立即；马上；坦率地；正好地 conj. 一…就
director,n. 人事助理；导演；主任，主管
dirt,n. 污垢，泥土；灰尘，尘土；下流话
dirty,adj. 污秽的；下流的，卑鄙的；恶劣的；暗淡的 vi. 变脏
disadvantage,"n. 不利, 劣势, 短处"
disagree,vi. 不一致；不适宜；不同意；争执
disappear,"vi. 不见, 消失 不复存在"
disappointed,adj. 失望的
disappointing,adj. 令人失望的
disaster,n. 不幸；灾难，灾祸
disc,n. 圆盘，唱片（等于disk） vt. 灌唱片
discipline,n. 纪律；训练；学科 vt. 训练；惩罚
discount,n. 折扣；贴现率 vi. 打折扣出售商品；贴现
discover,vt. 发现；发觉 vi. 发现
discovery,n. 发现 被发现的事物
discuss,vt. 讨论；论述，辩论
discussion,"n. 讨论, 商讨"
disease,n. 病，疾病；弊病 vt. 使…有病；传染
dish,n. 碟，盘；一道菜 vt. 把…装盘；使成碟状
dishonest,adj. 不诚实的
dislike,vt. 不喜欢，厌恶 n. 嫌恶，反感，不喜爱
dismiss,vt. 让...离开；开除；解散；解雇 vi. 解散
display,n. 显示；炫耀 vt. 显示；陈列；表现
distance,n. 距离；远方；疏远；间隔 vt. 把…远远甩在后面；疏远
distribute,"vt. 分配, 分给 散发; 散播; 分布"
distribution,n. 分布；分发；分配；散布；销售量
district,n. 区域；行政区；地方
divide,vt. 分开；划分；除；使产生分歧 vi. 分开；意见分歧
division,n. 除法；部门；分割；师（军队）；[体]赛区
divorced,adj. 离婚的
do1,
doctor,n. 医生；博士 vt. 为…治病；授以博士学位；修理；窜改，伪造
document,n. 文件，公文；文档；证件 vt. 用文件证明
documentary,"n. 纪录片 adj. 文件的, 文书的"
dog,n. 狗；[美俚]丑女人；卑鄙的人；（俚）朋友 vt. 跟踪；尾随
dollar,n. 美元
domestic,adj. 国内的；家庭的；驯养的；一心只管家务的 n. 佣人；国货
dominate,vt. 支配；控制；占优势；在…中占主要地位 vi. 处于支配地位；占优势
donate,vt. 捐赠；捐献 vi. 捐赠；捐献
door,n. 门；家，户；门口；通道
double,n. 两倍；[计]双精度型 adj. 两倍的；双重的
doubt,n. 怀疑；疑问；疑惑 v. 怀疑；不信；[古]恐怕；拿不准
down,adv. 向下，下去；在下面 adj. 向下的
download,vt. 下载
downstairs,adj. 楼下的 adv. 在楼下；向楼下 n. 楼下
downwards,adv. 向下
dozen,n. 十二个，一打 adj. 一打的
draft,n. 汇票；草稿；选派；（尤指房间、烟囱、炉子等供暖系统中的）（小股）气流 vt. 起草；制定；征募 vi. 拟稿；绘样；作草图 adj. 初步画出或（写出）的；（设计、草图、提纲或版本）正在起草中的，草拟的；以草稿形式的；草图的...
drag,vt. 拖拉；拖累；缓慢而吃力地行进 vi. 拖曳；缓慢而吃力地行进
drama,n. 戏剧，戏剧艺术；剧本；戏剧性事件
dramatic,adj. 戏剧的；引人注目的；激动人心的
draw,vt. 画；拉；吸引 vi. 拉；拖
drawing,n. 图画；牵引；素描术 v. 拖曳；绘画；吸引（draw的ing形式）
dream,vi. 做梦，梦见；梦想；想到 n. 梦；梦想，愿望
dress,vt. 给…穿衣 vi. 穿衣
dressed,adj. 穿好衣服的；打扮好的；去内脏及分割加工好的（特指动物，如鱼，禽类等） v. 给…穿衣；装饰；布置（dress的过去分词）
drink,vt. 喝，饮；吸收；举杯庆贺 vi. 喝酒；饮水；干杯
drive,vi. 开车；猛击；飞跑 vt. 驾驶（马车，汽车等）；驱赶；推动，发动（机器等）
driver,n. 驾驶员；驱动程序；起子；传动器
driving,adj. 强劲的；推进的；精力旺盛的 n. 操纵；驾驶
drop,vt. 滴；使降低；随口漏出；使终止 vi. 终止；下降
drug,n. 毒品；药；滞销货；麻醉药 vt. 使服麻醉药；使服毒品；掺麻醉药于
drum,vt. 击鼓；大力争取 vi. 击鼓；大力争取
drunk,v. 喝酒（drink的过去分词） adj. 喝醉了的
dry,adj. 干的；口渴的；禁酒的；枯燥无味的 vt. 把…弄干
due,adj. 到期的；应得的；应付的；预期的 n. 应付款；应得之物
during,prep. 在…的时候，在…的期间
dust,n. 灰尘；尘埃；尘土 vt. 拂去灰尘；撒
duty,n. 责任；职务；关税
DVD,abbr. 数字化视频光盘
each,adj. 每；各自的 adv. 每个；各自
ear,n. 耳朵；听觉；倾听；穗 vi. （美俚）听见；抽穗
early,adj. 早期的；早熟的 adv. 提早；在初期
earn,vt. 获得，挣得；赚，赚得；博得；使得到
earth,n. 地球；泥土；地线；尘世；陆地
earthquake,n. 地震
easily,adv. 容易地；无疑地
east,n. 东方；东方国家；东风 adj. 东方的；向东的；从东方来的
eastern,adj. 东方的；朝东的；东洋的 n. 东方人；（美国）东部地区的人
easy,adj. 容易的；舒适的 adv. 不费力地，从容地
eat,vt. 吃，喝；腐蚀；烦扰 vi. 腐蚀，侵蚀；进食
economic,adj. 经济的，经济上的；经济学的
economy,n. 节约；经济；理财
edge,n. 边缘；刀刃；优势；锋利 vt. 使锐利；将…开刃；给…加上边
edit,vt. 编辑；校订 n. 编辑工作
edition,n. 版本
editor,n. 编者，编辑；社论撰写人；编辑装置
educate,vt. 教育；培养；训练 vi. 教育；训练
educated,adj. 有教养的；受过教育的 v. 教导；训练；培育（educate的过去分词形式）
education,"n. 教育; 培养, 训练"
educational,adj. 教育的；有教育意义的
effect,n. 效果；作用；影响 vt. 产生；达到目的
effective,"adj. 有效的; 生效的 事实上的, 实际的 给人印象深刻的"
effectively,"adv. 有效地 实际上,事实上"
efficient,"adj. 有能力的, 效率高的"
effort,n. 成就；努力
egg,n. 蛋；卵子；[俚]家伙 vt. 煽动；怂恿
eight,num. 八个；八；第八 adj. 八的
eight number,
eighteen,n. 十八，十八个 adj. 十八个的，十八的
eighteen number,
eighty,n. 八十；八十岁；八十年代 adj. 八十的，八十个的；八十岁的
eighty number,
either,adj. 两者之中任一的；两者之中每一的 prep. 任何一个
elderly,adj. 过了中年的；稍老的；上了年纪的
elect,adj. 选出的；当选的；卓越的 n. 被选的人；特殊阶层；上帝的选民
election,n. 选举；当选；选择权；[宗]上帝的选拔
electric,adj. 电的；导电的；电动的；发电的；令人震惊的 n. [美口]电气车辆；电；带电体
electrical,"adj. 用电的; 与电有关的, 电学的"
electricity,"n. 电, 电流 热情, 紧张情绪"
electronic,adj. 电子的；电子学的
element,n. 元素；成分；要素；原理；自然环境
elephant,n. 象；大号图画纸
eleven,n. 十一；十一个 adj. 十一的；十一个的
eleven number,
else,adv. 另外；其他；否则 adj. 别的；其他的
elsewhere,"adv. 在别处, 到别处"
email,vt. 发电子邮件；给……发电子邮件 n. 电子邮件，电子信函
embarrassed,adj. 尴尬的；拮据的；局促不安的
embarrassing,adj. 令人为难的；尴尬的
emerge,vi. 浮现；暴露；摆脱
emergency,"n. 紧急情况, 不测事件, 非常时刻"
emotion,n. 情感；情绪
emotional,adj. 感情的；情绪的
emphasis,n. 强调；重点；加强语气
emphasize,vt. 强调; 加强语气; 重读
employ,v. 雇佣；使用
employee,n. 雇员；从业员工
employer,n. 雇主，老板
employment,"n. 雇用, 就业 职业, 工作 使用, 运用 有益的活动"
empty,adj. 空的；无意义的；徒劳的；无知的 vt. 使…成为空的；使失去
enable,vt. 使能够，使成为可能；授予权利或方法
encounter,"vt. 遇到, 遭遇 偶然碰到, 邂逅 n. 突然遇到"
encourage,"vt. 鼓励, 激励 促进, 助长, 激发"
end,n. 结束；末端；目标；死亡；尽头 vi. 结束，终止；终结
ending,n. 结局；结尾
enemy,n. 敌人，仇敌；敌军 adj. 敌人的，敌方的
energy,n. 精力；能量；活力；精神
engage,vt. 雇佣；吸引，占用；使订婚；使参加；预定 vi. 答应，保证；从事；交战；啮合
engaged,adj. 使用中的，忙碌的 v. 约定；保证；同…订婚（engage的过去分词）
engine,n. 引擎，发动机；机车，火车头；工具
engineer,n. 工程师；工兵；火车司机 vt. 策划；设计；精明地处理
engineering,"n. 工程(学), 工程师行业"
"English,",
enhance,vt. 提高；增加；加强
enjoy,vt. 喜爱；欣赏，享受；使过得快活
enormous,adj. 庞大的，巨大的；凶暴的，极恶的
enough,adv. 足够地，充足地 n. 充足；很多
enquiry,n. 询问，询盘
ensure,vt. 保证，确保；使安全
enter,vt. 进入；开始；参加 vi. 进去；[戏]参加，登场
entertain,v. 娱乐；使有兴趣；招待；考虑；抱有；容纳
entertainment,"n. 款待, 请客; 娱乐, 文娱节目, 表演会"
enthusiasm,"n. 热情, 热心 巨大兴趣, 热衷的事物"
enthusiastic,"adj. 满腔热情的, 热心的; 极感兴趣的"
entire,adj. 全部的，整个的；全体的
entirely,adv. 完全地，彻底地
entrance,n. 入口；进入 vt. 使出神，使入迷
entry,n. 入口；进入；登记；条目；对土地的侵占；[商]报关手续
environment,"n. 环境, 周围状况, 自然环境"
environmental,adj. 环境的；有关环境的
episode,n. 插曲；插话；一段情节；有趣的事件
equal,adj. 相等的；胜任的；平等的 vt. 等于；比得上
equally,adv. 相等地，平等地；公平地；同样地
equipment,"n. 设备; 装备; 配备 (工作必需的)知识, 技能"
error,n. 错误；误差；过失
escape,vt. 逃避，避免；被忘掉 vi. 逃脱；避开；溜走
especially,"adv. 尤其, 特别"
essay,n. 散文；随笔；试图 vt. 尝试；对…做试验
essential,adj. 基本的；必要的；本质的；精华的 n. 本质；要素；要点；必需品
establish,"vt. 建立, 成立 安置 确定, 证实"
estate,n. 财产；房地产；身份
estimate,vi. 估计，估价 n. 估计，估价；判断，看法
ethical,adj. 道德的；伦理的；凭处方出售的 n. 处方药
euro,n. 欧元（欧盟的统一货币单位）
evaluate,vt. 评价；估价；求…的值 vi. 评价；估价
even,adj. 平坦的；平和的；偶数的；相等的 adv. 甚至；正当；更；恰好 v. 使平坦；相等
evening,n. 傍晚；晚上；后期；（联欢性的）晚会 adj. 在晚上的；为晚上的；晚上用的
event,n. 事件，大事；结果；项目
eventually,"adv. 终于, 最后"
ever,adv. 曾经；究竟；永远
every,adj. 每一的，每个的；每隔…的
everybody,pron. 每人， 人人， 各人
everyday,adj. 每天的，日常的 n. 寻常日子；平时
everyone,pron. 人人；每个人 n. 每个人
everything,pron. 每件事，一切
everywhere,"adv. 处处, 到处"
evidence,n. 证据，证明；迹象；明显 vt. 证明
evil,adj. 邪恶的；有害的；不幸的；讨厌的 n. 罪恶，邪恶；不幸
exact,adj. 精确的；准确的，精密的 vt. 强求；要求；急需
exactly,adv. 精确地；正确地；正是；恰好地
exam,n. 测验；考试
examination,"n. 检查, 调查 考试; 考查; 试题 讯问"
examine,vt. 调查；考试；检查；[计算机] 检测 vi. 检查；调查
example,n. 例子；榜样 vt. 作为…的例子；为…做出榜样
excellent,"adj. 优秀的, 卓越的, 杰出的"
except,"vt. 把…除外; 免除 prep. 除…外 EXCEPT“禁”门,“与非”门"
exchange,n. 交换；兑换；交易所；交流 vt. 交换；交易；兑换
excited,adj. 激动的；兴奋的；活跃的 v. 激动；唤起（excite的过去分词）
excitement,"n. 兴奋, 激动 令人兴奋的事"
exciting,adj. 使人激动的；令人兴奋的 v. 激动；唤起；刺激（excite的ing形式）
excuse,n. 理由；借口 vt. 原谅；为…申辩；给…免去
executive,adj. 行政的；决策的；经营的；[计算机]执行指令 n. 行政主管；行政部门；决策者
exercise,n. 练习；运动；运用；操练；典礼；礼拜 vt. 练习；锻炼；使用；使忙碌；使惊恐
exhibition,"n. 展览, 展览会 表现, 显示 公开示范表演"
exist,vi. 存在；生存；生活；继续存在
existence,"n. 存在 生存, 生活(方式)"
expand,vt. 扩张；使膨胀；详述 vi. 张开，展开；发展
expect,v. 预期；期待；盼望
expectation,n. 预料; 期望 有信心的指望
expected,adj. 预期的；预料的 v. 预期；盼望（expect的过去分词）
expedition,"n. 远征; 探险; 考察 迅速, 动作敏捷"
expense,n. 开支；消费；损失，代价 vt. 向…收取费用
expensive,"adj. 昂贵的, 花钱多的"
experience,n. 经验；经历 v. 经历；体验；感受
experienced,adj. 有经验的
experiment,"n. 实验, 试验 vi. 做试验; 试验"
expert,adj. 熟练的；内行的；老练的 n. 专家；能手；行家
explain,v. 说明，解释
explanation,"n. 解释, 说明 能说明某事缘由的言语、事实、情况等"
explode,vi. 爆炸，爆发；激增 vt. 使爆炸；爆炸；推翻
exploration,"n. 探险旅行;搜寻 考察, 探索"
explore,vt. 探测；探索；探险 vi. 探测；探险；探索
explosion,"n. 爆炸; 爆发 激增, 扩大"
export,n. 输出，出口；出口商品 vi. 输出物资
expose,vt. 使曝光；揭露，揭发；显示
express,vt. 表达；快递 adj. 明确的；迅速的；专门的
expression,n. 表情；表示；表达；词句；措辞；表现；挤压
extend,vt. 延伸；扩大；伸出；给予；推广；使竭尽全力；[律]对…估价 vi. 伸展；延伸；扩大；[军]使疏开
extent,n. 范围；程度；长度
external,adj. 外部的；表面的；外面的；[药]外用的；外国的 n. 外部；外面；外观
extra,adv. 特别地，非常；另外 n. 额外的事物；临时演员；号外；上等产品
extraordinary,"adj. 非常奇怪的 非同寻常的, 特别的 额外安排的, 临时的"
extreme,adj. 极端的；极度的；偏激的；尽头的 n. 极端；末端；最大程度；极端的事物
extremely,adv. 极端;极其;非常
eye,n. 眼睛；视力；见解，观点；眼光 vt. 注视，看
face,n. 脸；面容；表面；面子；威信；外观 vi. 朝；向
facility,n. 设备；灵巧；容易；设施
fact,n. 事实；实际；真相
factor,n. 因素；因数；要素；代理人 vi. 做代理商
factory,n. 工厂；制造厂；代理店
fail,vi. 失败，不及格；衰退；缺乏；破产 vt. 不及格；忘记；使失望；舍弃
failure,n. 失败；故障；失败者；破产
fair,adj. 公平的；美丽的，白皙的；晴朗的 adv. 公平地；清楚地；直接地
fairly,adv. 公平地；相当地；简直
faith,n. 信心；信任；相信；宗教信仰
fall,vi. 落下；变成；来临；减弱 n. 秋天；瀑布；下降
familiar,adj. 熟悉的；常见的；亲近的 n. 常客；密友
family,n. 家庭；家族；家属；亲属；子女；僚属 adj. 家庭的，家族的
famous,adj. 著名的；[口]极好的，非常令人满意的
fan,n. 风扇；扇子；扇形物 n. 迷；狂热爱好者 vt. 扇；展开扇形；煽动 vi. 成扇形；[棒]三振出局
fancy,n. 想像力；爱好；幻想 adj. 想象的；奇特的；精选的；昂贵的
fantastic,adj. 极好的；巨大的；奇异的；难以置信的；幻想的
far,adv. 很；到很远的距离；遥远地；到很深的程度；久远地 adj. 远的；久远的
farm,vi. 种田，务农；经营农场 n. 农场；畜牧场；农家
farmer,n. 农夫，农民
farming,n. 农业，耕作 v. 耕种；出租（farm的ing形式）
fascinating,adj. 迷人的
fashion,n. 样式；时尚；时装；时髦人物 vt. 做成…的形状；使用；改变
fashionable,"adj. 流行的, 符合时尚的, 时髦的"
fast,adj. 快速的，迅速的；紧的，稳固的 adv. 紧紧地；彻底地；迅速地
fasten,vt. 扎牢；使固定；集中于；强加于 vi. 扣紧；抓住；集中注意力
fat,adj. 肥的，胖的；丰满的；油腻的 n. 脂肪，肥肉
father,n. 父亲，爸爸；神父；祖先；前辈 vt. 发明，创立；当…的父亲
fault,n. 故障；毛病；缺点；错误；[地]断层；（网球等）发球失误 vi. 弄错；[地]产生断层
favour,n. 偏爱；赞同；善行 vt. 赞成；喜爱；有助于
favourite,adj. 最喜爱的 n. 最受喜爱的人(或物)
fear,n. 害怕；担心；恐惧；敬畏 vt. 害怕；敬畏；为…担心
feather,n. 羽毛 vt. 用羽毛装饰
feature,n. 容貌；特色，特征；特写或专题节目 vi. 起重要作用
February,n. 二月
fee,n. 酬金；小费；费用 vt. 付费给……
feed,vt. 喂养；放牧；供给；抚养（家庭等）；靠…为生 vi. 吃东西；流入
feedback,n. 反馈；回复；成果，资料
feel,vt. 感觉；试探；触摸；认为 vi. 觉得；摸索
feeling,n. 感觉，触觉；感情，情绪；同情 adj. 有同情心的；富于感情的；有感觉的
fellow,n. 同事；家伙；朋友；会员 adj. 同伴的，同事的；同道的
female,adj. 女性的；雌性的；柔弱的，柔和的 n. 女人；雌性动物
fence,n. 栅栏；围墙；剑术 vt. 防护；用篱笆围住；练习剑术
festival,n. 节日；庆祝，纪念活动；欢乐 adj. 节日的，喜庆的；快乐的
few,adj. 很少的；几乎没有的 pron. 很少
fiction,n. 小说；虚构，编造；谎言
field,n. 领域，牧场，旷野，战场，运动场 vi. 担任场外队员
fifteen,n. 十五；十五个；十五人组成的橄榄球队 adj. 十五的
fifth,adj. 第五的；五分之一的 n. 第五；五分之一
fifty,n. 五十；五十个；编号为50的东西 adj. 五十的；五十个的；众多的
fight,vi. 打架；打仗；搏斗，斗争 vt. 打架；与…打仗，与…斗争；反对…提案
fighting,adj. 好战的；战斗的；适于格斗的 n. 战斗，搏斗
figure,n. 图形；数字；（人的）体形；人物；画像；价格 vi. 出现；计算；扮演角色
file,n. 文件；档案；锉刀；文件夹 vt. 锉；琢磨；把…归档；提出
fill,vt. 装满，使充满；满足；堵塞；任职 vi. 被充满，膨胀
film,n. 胶卷；电影；薄膜；轻烟 vt. 在…上覆以薄膜；把…拍成电影
final,adj. 最终的；决定性的；不可更改的 n. 决赛；期末考试；当日报纸的末版
finally,adv. 终于；最后；决定性地
finance,n. 财政，财政学；金融 vt. 负担经费，供给…经费
financial,"adj. 财政的, 金融的"
find,vt. 发现；认为；感到；获得 vi. 裁决
finding,n. 发现；发现物；裁决 v. 遇到；找到；感到（find的ing形式）
fine,adj. 好的；优良的；晴朗的；健康的；细小的，精美的 n. 罚款
finger,n. 手指；指针，指状物 vt. 用手指拨弄；伸出
finish,vt. 完成；结束；用完 vi. 结束，终止；完成；终结
fire,n. 火；火灾；炉火；热情；炮火；激情；磨难 vt. 解雇；点燃；烧制；使发光；开除；放枪；激动
firm,adj. 坚定的；结实的；牢固的；严格的 vt. 使牢固；使坚定
first,adv. 第一；首先；优先；宁愿 n. 第一；开始；冠军
first),
firstly,adv. 首先（主要用于列举条目、论点时）；第一
fish,vi. 捕鱼，钓鱼；用钩捞取 n. 鱼，鱼类
fishing,n. 捕鱼（术）；渔业；试探；装配 adj. 钓鱼的；钓鱼用的
fit,vt. 安装；使……适应；使……合身；与……相符 vi. 适合；合身；符合，配合
fitness,n. 健康；适当；适合性
five,n. 五，五个；[口]五美元钞票 num. 五，五个
fix,vt. 安装；修理；使固定；准备 vi. 固定；注视
fixed,adj. 固执的，处境...的，准备好的，确定的
flag,n. 旗帜，国旗；（体育运动的）信号旗，标志旗 v. 标示；疲乏，减弱；热情衰退；引起对……的注意；挥旗指示走某个方向
flame,n. 火焰；热情；光辉 v. 泛红；焚烧
flash,vt. 使闪光；反射 n. 闪光，闪现；一瞬间
flat,adj. 平坦的；单调的；浅的；扁平的 adv. 断然地；平直地
flexible,adj. 灵活的；柔韧的；易弯曲的
flight,n. 飞行；班机；逃走 vt. 使惊飞；射击
float,vt. 使漂浮；实行 vi. 浮动；摇摆；飘动，散播；付诸实施
flood,v. 淹没；充满 n. 洪水
floor,n. 地板，地面；楼层；基底；议员席 vt. 铺地板；打倒，击倒；（被困难）难倒
flour,n. 面粉；粉状物质 vt. 撒粉于；把…磨成粉
flow,vi. 流动，涌流；飘扬；川流不息 vt. 淹没，溢过
flower,n. 花；精华；开花植物 vi. 开花；成熟，发育；繁荣；旺盛
flu,n. 流感
fly,vi. 飞；飘扬；驾驶飞机 vt. 飞行；使飘扬；飞越
flying,adj. 飞行的 n. 飞行
focus,n. 焦点；焦距；清晰；中心 vt. 使聚焦；使集中
fold,vt. 折叠；合拢；抱住；笼罩 n. 折痕；羊栏；信徒
folding,adj. 可折叠的
folk,n. 人们；民族；亲属（复数） adj. 民间的
follow,vt. 跟随；追求；遵循；密切注意 vi. 跟随；接着
following,"adj. 其次的, 接着的 下述的 n. 一群追随者[拥护者]"
food,n. 食物；养料
foot,n. 脚；英尺；末尾；步调 vi. 步行；跳舞；总计
football,n. 足球，橄榄球 vi. 踢足球；打橄榄球
for,prep. 为，为了；给；因为；对于；适合于；至于 conj. 因为
force,n. 武力；暴力；力量；影响力；力量大的人或（事物）；权力；（为某目的组织起来的）一群人；军队；部队；武装力量；警察部门；力；风力 v. 迫使；强迫；强制；使发生；强装（欢笑）；人工催长...
foreign,adj. 外国的；[医]异质的；不相关的；外交的
forest,vt. 植树于，使成为森林 n. 森林
forever,adv. 永远；常常；不断地
forget,vt. 忘记；忽略 vi. 忘记
forgive,vt. 原谅；免除（债务、义务等） vi. 表示原谅
fork,n. 餐叉；叉；耙 vt. 叉起；使成叉状
form,n. 形式，形状；形态，外形；表格；方式 vt. 构成，组成；排列，组织；产生，塑造
formal,adj. 正式的；拘谨的；有条理的 n. 正式的社交活动；夜礼服
former,adj. 从前的，前者的；前任的 n. 模型，样板；起形成作用的人
fortunately,adv. 幸运地; 幸亏
fortune,n. 运气；财富；命运 vt. 给予财富
forty,n. 四十 adj. 四十的；四十个的
forward,adj. 早的；向前的；迅速的 adv. 向将来；向前地
found,vt. 创立，建立；创办 v. 找到（find的过去分词）
four,num. 四；四个 adj. 四的；四个的
fourteen,num. 十四 n. 十四
fourth,adj. 四分之一的；第四的，第四个的 n. 第四，月的第四日；四分之一
frame,n. 框架；结构；画面 vt. 设计；陷害；建造；使…适合
free,adj. 自由的，不受约束的；免费的；游离的 vt. 使自由，解放；释放
freedom,n. 自由，自主；直率
freeze,vi. 僵硬；冻结；冷冻 vt. 使…冻住；使…结冰
frequency,n. 频繁；频率
frequently,"adv. 频繁地,屡次地"
fresh,adj. 新鲜的；无经验的；淡水的；清新的 n. 泛滥；开始；新生
Friday,n. 星期五
fridge,n. 电冰箱
friend,n. 朋友；赞助者；助手
friendly,adj. 友好的；亲切的；支持的；融洽的，和睦的 adv. 温和地；友善地
friendship,"n. 友情, 友谊, 友好"
frighten,vt. 使惊吓；吓唬… vi. 害怕，惊恐
frightened,adj. 害怕的
frightening,adj. 令人恐惧的；令人害怕的
frog,n. 青蛙；饰扣；辙叉 vi. 捕蛙
from,prep. 来自，从；今后；由于
front,n. 前面；前线；正面 vt. 面对；朝向；对付
frozen,adj. 冻结的；冷酷的 v. 凝固；变得刻板；结冰（freeze的过去分词）
fruit,n. 水果；产物 vi. 结果实
fry,"vt. & vi. 油炸, 油煎 vi. 皮肤晒黑"
fuel,vi. 得到燃料 vt. 供以燃料，加燃料
full,adj. 完全的，完整的；满的，充满的；丰满的；丰富的；详尽的；完美的 adv. 完全地；十分，非常；整整
fully,adv. 完全地；充分地；彻底地
fun,n. 乐趣；玩笑；有趣的人或事 adj. 供娱乐用的
function,n. 功能；函数；职责；盛大的集会 vi. 行使职责；运行；活动
fund,n. 资金；基金；存款 vt. 投资；资助
fundamental,"adj. 基本的; 重要的, 必要的 n. 基本原则, 基本法则"
funding,n. 提供资金；用发行长期债券的方法来收回短期债券 v. 提供资金；积存（fund的ing形式）
funny,adj. 有趣的；奇异的；滑稽的 n. 滑稽人物
fur,n. 毛皮；皮，皮子；软毛 vt. 用毛皮覆盖；使穿毛皮服装
furniture,n. 家具；设备，装置；床罩；必要的附属品；【会计】家俬
further,adv. 更远地；进一步地；而且 adj. 更远的；深一层的
furthermore,"adv. 而且, 此外"
future,n. 未来；期货；前途；将来时 adj. 将来的，未来的
gain,n. 收获；增加；利润 vt. 获得；增加；赚到
gallery,n. 走廊；画廊；地道；旁听席 vt. 在…修建走廊；在…挖地道
game,n. 游戏；比赛 adj. 勇敢的
gang,n. 一群；一伙；(歹徒等的)一帮 v. 结成一伙；结伙袭击
gap,n. 缺口；间隙；空白 vi. 裂开
garage,n. 车库；汽车修理厂；飞机库 vt. 把……送入车库
garden,n. 菜园；花园 vt. 栽培花木
gas,n. 气体；汽油；毒气；瓦斯 vt. 毒（死）；加油
gate,n. 大门；出入口；门道 vt. 给…装大门
gather,vt. 收集；使…聚集；收割；使…皱起 vi. 聚集；化脓；皱起
general,adj. 一般的，普通的；综合的；大体的 n. 将军，上将；一般；常规
generally,adv. 一般地；通常；普遍地
generate,vt. 使形成；生殖；发生
generation,"n. 同时代的人, 一代人, 一代 产生, 发生"
generous,adj. 慷慨的，大方的；宽宏大量的；有雅量的
genre,n. 类型；流派；风俗画 adj. 风俗画的；以日常情景为主题的
gentle,adj. 温和的；文雅的 vt. 使温和，使驯服
gentleman,n. 绅士；先生；有教养的人
geography,n. 地理
get,vt. 获得；变成；使得；受到 n. 幼兽；生殖
ghost,n. 鬼，幽灵 vt. 作祟于；替…捉刀；为人代笔
giant,n. 巨人；巨大的动物；伟人 adj. 巨大的；巨人般的
gift,n. 礼物；赠品；天赋 vt. 向…赠送；赋予
girl,n. 女孩，姑娘；女儿；女朋友
girlfriend,n. 女朋友 女情人 女伴
give,vt. 给；授予；让步；产生；举办 n. 弹性；伸展性；弯曲
glad,adj. 高兴的；乐意的；令人高兴的；灿烂美丽的 vt. [古]使高兴
glass,n. 玻璃；镜子；玻璃制品 vt. 反映；给某物加玻璃
global,adj. 全球的；球形的；总体的
glove,n. 手套 vt. 给…戴手套
go,vi. 走；趋于；达到；运转 n. 去；尝试；进行
goal,n. 目标；终点；球门，得分数 vi. 攻门，射门得分
god,n. 神；（大写首字母时）上帝
gold,n. 金，黄金；金币；金色 adj. 金的，金制的；金色的
golf,n. 高尔夫球；高尔夫球运动 vi. 打高尔夫球
good,adj. 愉快的；好的；虔诚的；优良的 n. 好处；慷慨的行为；善行
goodbye,int. 再见
goods,n. 商品；动产；合意的人；真本领
govern,vt. 统治；支配；控制；管理 vi. 居支配地位；进行统治
government,"n. 政府 治理的形式; 政体 治理, 统治"
grab,vt. 攫取；霸占；将…深深吸引 vi. 攫取；夺取
grade,n. 等级；年级；阶段；级别；成绩 vt. 评分；把…分等级
gradually,"adv. 逐步地,渐渐地"
graduate,vt. 授予…学位；分等级；标上刻度 vi. 毕业；渐变
grain,n. 粮食；颗粒；谷物；纹理 vi. 成谷粒
grand,adj. 宏伟的；豪华的；极重要的 n. 大钢琴；一千美元
grandfather,n. (外)祖父 v. 使…不受新法律制约
grandmother,n. (外)祖母
grandparent,n. (外)祖父(母)
grant,vt. 授予；承认；允许 vi. 同意
grass,n. 草；草地，草坪 vt. 使……长满草；使……吃草；放牧
grateful,adj. 感谢的；令人愉快的，宜人的
great,adj. 伟大的，重大的；极好的，好的；主要的 n. 大人物；大师；伟人们
green,adj. 绿色的；青春的 n. 绿色；青春
greet,vt. 欢迎，迎接；致敬，致意；映入眼帘
grey,adj. 灰色的；灰白的 vt. 使变成灰色；使变老
ground,n. 地面；土地；范围；战场 vt. 打基础；使搁浅；使接触地面
ground),
group,n. 组；团体 adj. 群的；团体的
grow,vi. 生长；发展；渐渐变得… vt. 种植；使生长；扩展
growth,n. 生长；增长；发展；种植
guarantee,n. 保证；保证书；担保；担保人；抵押品 vt. 保证；担保
guard,n. 警戒；守卫；护卫队；防护装置 vi. 警惕
guess,vt. 猜测；推测；猜中；[美口]认为 vi. 推测；猜；猜中
guest,n. 客人，宾客；顾客 vt. 款待，招待
guide,n. 指南；向导；入门书 vt. 带领；引导；操纵
guilty,adj. 有罪的；内疚的
guitar,n. 吉他，六弦琴 vi. 弹吉他
gun,n. 枪；炮；节流阀 vt. 枪击；打开节流阀 vi. 用枪打猎
guy,n. 男人，家伙 vt. 嘲弄，取笑
gym,n. 体育；体育馆；健身房
habit,n. 习惯，习性；嗜好 vt. 使穿衣
hair,n. 头发；毛发；些微 vt. 除去…的毛发
half,n. 一半；半场；半学年 adv. 一半地；部分地
hall,n. 门厅，走廊；会堂；食堂；学生宿舍
hand,n. 手，手艺；指针；插手；帮助 vt. 搀扶；传递，交给；支持
handle,n. 柄；把手；手感；口实 vt. 买卖；处理；操作；触摸；运用
hang,v. 悬挂；(使)低垂；悬浮(在空中)；逗留；绞死 n. 悬挂方式；悬挂；绞刑
happen,vi. 发生；碰巧；偶然遇到
happily,adv. 幸福地；快乐地；幸运地；恰当地
happiness,n. 幸福；幸运 适当
happy,adj. 高兴的；幸福的；巧妙的
hard,adj. 困难的；硬的；猛烈的；确实的；努力的；辛苦的；冷酷无情的；严厉的 adv. 努力地；猛烈地；辛苦地；牢固地；接近地；困难地
hardly,adv. 几乎不，简直不；刚刚
harm,n. 伤害；损害 vt. 损害；伤害；危害
harmful,adj. 能造成损害的；有害的
hat,n. 帽子 vt. 给……戴上帽子
hate,vt. 憎恨；厌恶；遗憾 vi. 仇恨
have,vt. 有；让；从事；允许；拿 aux. 已经
have to,
he,pron. 他；任何人 n. 男人；雄性动物
head,n. 头；上端；最前的部分；头痛；理解力 vt. 用头顶；作为…的首领；前进；站在…的前头；给…加标题
headache,n. 头痛；麻烦；令人头痛之事
headline,n. 大标题；内容提要；栏外标题；头版头条新闻 vt. 给…加标题；使成为注意中心；大力宣传
health,n. 健康；兴旺；卫生；保健
healthy,adj. 健康的，健全的；有益于健康的
hear,"vt. & vi. 听到, 听见 vt. 听说, 得知 听取; 审理"
hearing,n. 听力；审讯，听讯 v. 听见（hear的ing形式）
heart,n. 心脏；要点；感情；勇气；心形 vt. 鼓励；铭记
heat,n. 热度；高温；压力；热烈 vt. 把…加热；使激动
heating,n. 加热；供暖；暖气设备 adj. 加热的；供热的
heaven,n. 天堂；天空；极乐
heavily,adv. 沉重地；沉闷地；猛烈地
heavy,adj. 沉重的；繁重的，巨大的；阴沉的 n. 重物；严肃角色
heavy),
heel,n. 脚后跟；踵 vt. 倾侧
height,n. 高度；高地；身高；顶点
helicopter,n. 直升机
hell,n. 地狱；训斥；黑暗势力；究竟（作加强语气词） vi. 过放荡生活；飞驰
hello,int. 喂；哈罗 n. 表示问候， 惊奇或唤起注意时的用语
help,vt. 帮助；治疗；促进；补救 n. 帮助；帮忙者；补救办法；有益的东西
helpful,adj. 有益的；有帮助的
her,pron. 她的；她
here,adv. 在这里；此时 int. 嘿！；喂！
hero,n. 英雄；男主角，男主人公
hers,pron. 她的（所有格）
herself,pron. 她自己（she的反身代词）；她亲自
hesitate,vi. 踌躇，犹豫；不愿 vt. 踌躇，犹豫；有疑虑，不愿意
hey,int. 喂！（引起注意等）；你好！（表示问候） n. 干草（等于hay）
hi,int. 嗨！（表示问候或用以唤起注意）
hide,vt. 隐藏；隐瞒；鞭打 vi. 隐藏
high,adj. 高的；高级的；高音调的；崇高的 n. 高水平；天空；由麻醉品引起的快感；高压地带
highlight,vt. 强调；照亮；加亮；使 ... 显得重要；使突出 n. 加亮区；精彩部分；最重要的细节或事件；闪光点
highly,adv. 非常；高度地；非常赞许地
hill,n. 小山；丘陵；斜坡；山冈
him,pron. 他（宾格）
himself,pron. 他自己；他亲自，他本人
hire,n. 租金，工钱；雇用，租用 vt. 雇用；出租
his,pron. 他的
historic,adj. 历史上著名的；有历史意义的
historical,adj. 历史(学)的
history,n. 历史，历史学；历史记录；来历
hit,vt. 袭击；碰撞；打击；偶然发现；伤…的感情 vi. 打击；打；碰撞；偶然碰上
hobby,n. 嗜好；业余爱好
hockey,n. 冰球；曲棍球
hold,vt. 持有；保存；拥有；拘留；约束或控制 vi. 持续；支持；有效
hole,n. 洞，孔；洞穴，穴；突破口 vi. 凿洞，穿孔；（高尔夫球等）进洞
holiday,n. 假日；节日；休息日 vi. 外出度假
hollow,adj. 空的；空洞的；凹陷的；虚伪的；(声音)沉闷的 n. 山谷；洞；窟窿 vt. 挖空 vi. 形成空洞 adv. 完全地；彻底
holy,adj. 圣洁的，神圣的；至善的 n. 神圣的东西
home,n. 家，住宅；家乡；产地；避难所 adv. 在家，回家；深入地
homework,n. 家庭作业，课外作业
honest,adj. 诚实的，实在的；可靠的；坦率的
honour,n. 荣誉；尊敬；勋章 vt. 尊敬；承兑；承兑远期票据
hope,n. 希望；信心；期望 vt. 希望；期望
horrible,adj. 可怕的；极讨厌的
horror,n. 惊骇；惨状；极端厌恶；令人恐怖的事物
horse,n. 马；骑兵；脚架；[俚]海洛因 vt. 使骑马；系马于；[口]捉弄
hospital,n. 医院
host,n. 主人；主机；主持人；许多 vt. 主持；当主人招待
hot,adj. 热的；辣的；热情的；激动的；紧迫的 adv. 热；紧迫地
hotel,n. 旅馆，饭店；客栈 vt. 使…在饭店下榻
hour,n. 小时；钟头；课时；…点钟
house,n. 住宅；家庭；某种用途的建筑物；机构；议会 vt. 给…房子住；把…储藏在房内；覆盖
household,n. 家庭；户 adj. 家庭的；家喻户晓的
housing,n. 房屋；外壳；住房供给；遮盖物；机器等的防护外壳或外罩
how,adv. 多么；多少；如何 n. 方式；方法
however,adv. 无论如何；不管怎样 conj. 可是；然而
huge,"adj. 巨大的, 庞大的"
human,adj. 人的；人类的 n. 人；人类
humorous,adj. 诙谐的，幽默的；滑稽的，可笑的
humour,n. 诙谐；幽默（等于humor） vt. 迁就；使满足
hundred,n. 一百；许多 adj. 一百的；许多的
hungry,adj. 饥饿的；渴望的；荒年的；不毛的
hunt,v. 打猎；搜索；追捕-formatted--
hunting,n. 打猎；追逐；搜索 adj. 打猎的；振荡的
hurricane,n. 飓风；暴风
hurry,n. 匆忙，急忙 vt. 使赶紧；使匆忙，使急忙
hurt,vt. 使受伤；使疼痛；使痛心；[口]损害 vi. 感到疼痛；带来痛苦；[口]有坏处
husband,n. 丈夫
I,pron. 我
ice,n. 冰；冰淇淋；矜持；（俚）钻石 vt. 冰镇；结冰
ice cream,
idea,n. 主意；概念；想法
ideal,adj. 理想的；完美的；想象的；不切实际的 n. 理想；典范
identify,vt. 识别；确定；使参与；把…看成一样 vi. 认同；一致；确定
identity,n. 身份；同一性，一致；恒等式；特性
if,conj. （表条件）如果；（表假设）假如；是否；即使 n. 条件；设想
ignore,vt. 驳回诉讼，忽视，不理睬
ill,adj. 坏的；生病的；邪恶的；不吉利的 adv. 几乎不；不利地；恶劣地
illegal,adj. 非法的；违法的；违反规则的 n. 非法移民；间谍
illness,n. 疾病；病
illustrate,"vt. 给…加插图 说明, 阐明; 表明"
illustration,n. 说明；插图；图解；例证
image,n. 影像；肖像；想象；偶像 vt. 反映；象征；想象；作…的像
imaginary,"adj. 想像中的, 假想的, 虚构的"
imagination,"n. 想像力 空想, 想像 想像出来的东西, 幻想物"
imagine,vt. 想像；猜想；臆断 vi. 想像；猜想；想像起来
immediate,"adj. 立即的, 即刻的; 紧迫的 目前的, 当前的 直接的 最接近的"
immediately,"adv. 立即, 马上 直接地"
immigrant,n. 移民
impact,n. 影响；冲击力；撞击 vt. 挤入；压紧；撞击；对 ... 发生影响 vi. 冲击；撞击；产生影响
impatient,"adj. 不耐烦的, 急躁的 热切的, 急切的"
imply,vt. 暗示；意味；隐含
import,n. 输入；进口，进口货；意思，含义；重要性 vt. 输入，进口；含…的意思
importance,n. 重要(性)
important,"adj. 重要的, 重大的 有势力的, 有地位的"
impose,v. 强加；课征；强迫；征收(税款)
impossible,adj. 不可能的；做不到的
impress,"vt. 给…以深刻印象, 使铭记 印, 压印"
impressed,n. 印记；印象；特征 v. 使 ... 有印象；影响；印刻；传送
impression,n. 印象；感觉；模仿 n. 印迹；印刷
impressive,"adj. 给人印象深刻的, 感人的"
improve,vt. 改善，增进；提高…的价值 vi. 增加；变得更好
improvement,"n. 增加或修改 改进, 改善, 改良"
in,prep. 在…之内；从事于；按照（表示方式） adv. 进入；在屋里；（服装等）时髦；当选
inch,n. 英寸；身高；少许 vt. 使缓慢地移动
incident,n. 事件，事变；插曲 adj. 易发生的，伴随而来的；附带的；入射的
include,vt. 包含，包括
included,adj. 内藏的；包括的 v. 包括（include的过去式和过去分词）
including,prep. 包括; 包含
income,n. 收入，收益；所得
increase,n. 增加，增长；提高 vi. 繁殖；增加，增大
increasingly,"adv. 日益, 越来越多地"
incredible,"adj. 不能相信的, 不可信的 〈非正〉难以置信的, 不可思议的, 惊人的"
incredibly,adv. 极其；难以置信地
indeed,adv. 真正地；的确；甚至；实在 int. 真的（表示惊讶、怀疑、讽刺等）
indefinite,"adj. 无限期的 不明确的, 含糊的"
independent,adj. 独立的；自主的；独自的；无偏见的 n. 无党派者；独立派人士
indicate,vt. 指出；表明；象征；预示
indirect,adj. 间接的；迂回的；非直截了当的
individual,adj. 单独的；一个人的；独有的 n. 个人；个体
indoor,adj. 室内的，户内的
indoors,adv. 在室内，在户内
industrial,"adj. 工业的, 产业的 用于工业的"
industry,n. 工业；产业；勤勉
infection,n. 传染；传染病；影响
infinitive,n. (动词)不定式 adj. 不定式的
influence,v. 影响；感染；在(饮料)中加烈酒 n. 影响力；影响；权势；势力；有影响的人(或事物)
inform,vt. 通知；告诉；报告 vi. 告发；告密
informal,adj. 非正式的；不拘礼节的；通俗的；日常使用的
information,"n. 消息; 资料; 情报 通知, 告知"
ingredient,n. (混合物的)组成部分; 配料
initial,adj. 最初的；字首的 vt. 用姓名的首字母签名
initially,"adv. 开始,最初"
initiative,adj. 自发的 n. 首创精神；主动权；第一步；倡议；项目
injure,vt. 伤害，损害
injured,adj. 受伤的；受损害的
injury,n. 伤害，损害；受伤处
inner,adj. 内部的；内心的；精神的 n. 内部
innocent,adj. 无罪的；无辜的；无知的 n. 天真的人；笨蛋
insect,n. 昆虫；卑鄙的人
inside,n. 内部；里面；内脏；内情 adj. 内部的；秘密的；里面的
insight,n. 洞察力；洞悉
insist,vt. 坚持，强调 vi. 坚持，强调
inspire,vt. 鼓舞；激发；启示；产生；使生灵感
install,vt. 安装；安置；使 ... 就职
instance,n. 实例；情况；建议 vt. 举...为例
instead,adv. 代替；反而
institute,"vt. 建立, 制定; 开始, 着手 n. 协会, 学会; 学院, 研究院"
institution,n. 制定；制度；机构；名流
instruction,"n. 命令, 指示 讲授, 指导, 教学 使用说明书, 操作指南"
instructor,"n. 指导者,教师"
instrument,n. 仪器；乐器；工具；器械 v. 用器械（或仪器）装备；向…提交文书
insurance,n. 保险；保险费；安全保障
intelligence,"n. 智力, 智慧; 理解力 情报, 消息 情报人员"
intelligent,adj. 聪明的; 理解力强的
intend,vt. 打算；意指；想要 vi. 有打算
intended,adj. 故意的，有意的；打算中的 n. 已订婚者
intense,adj. 强烈的；紧张的；热情的；非常的
intention,"n. 意图, 意向; 目的; 打算"
interest,n. 兴趣，爱好；利息；趣味；同行 vt. 使……感兴趣；引起……的关心；使……参与
interested,adj. 感兴趣的；有利害关系的
interesting,adj. 有趣的；引人入胜的
internal,adj. 国内的；内部的；内在的
international,"adj. 国际的, 国际间进行的"
internet,n. 因特网
interpret,vt. 解释; 说明 vt. & vi. 口译; 翻译
interrupt,vt. & vi. 打断
interview,n. 面谈；会见；面试；接见 vt. 接见；采访；对 ... 进行面试 vi. 面试；采访
into,prep. 到…里；深入…之中；成为…状况；进入到…之内
into/attach),
introduce,vt. 介绍；引进；采用；提出；提倡；放入
introduction,n. 介绍；引进；序言；导论
invent,vt. 发明；创造；虚构
invention,n. 发明；发明物；发明才能；虚构
invest,vt. 投资；耗费；授予；覆盖；包围 vi. 投资，入股；花钱买
investigate,v. 调查；研究
investigation,n. 调查
investment,n. 投资
invitation,n. 邀请；邀请函；招待；招致，引诱
invite,vt. 邀请，招待；招致 n. 邀请
involve,vt. 包含；牵涉；使陷于；潜心于
involved,adj. 卷入的；有关的；复杂的 v. 涉及；使参与；包含（involve的过去式和过去分词）
iron,"n. 铁 熨斗 镣铐 坚强, 刚强; 冷酷 vt. & vi. 熨平"
is,v. 是（be的三单形式） n. 存在
island,n. 岛；岛屿；安全岛；岛状物 adj. 岛的
issue,n. 议题；问题；期刊号；一次发行额；发行；子女 v. 发表；公布；正式发给；发行；流出
it,pron. 它
item,n. 条款，项目；一则
its,pron. 它的
itself,pron. 它本身；它自己
jacket,n. 夹克；短上衣 vt. 给...穿夹克；给...装护套
jam,n. 果酱；拥挤；困境；[篮球]扣篮 vt. 使堵塞；挤进，使塞满；混杂；压碎
January,n. 一月
jazz,n. 爵士乐，爵士舞；喧闹 vi. 奏爵士乐，跳爵士舞；游荡
jeans,n. 牛仔裤；工装裤
jewellery,n. =jewelry （总称）珠宝；首饰
job,n. 工作；职业 vt. 代客买卖；承包
join,vt. 参加；连接；结合 vi. 参加；加入；结合
joke,n. 玩笑，笑话；笑柄 vt. 开…的玩笑
journal,n. 日报，杂志；日记；[经]分类账
journalist,n. 记日志者；新闻工作者；报人
journey,n. 旅行；行程 vi. 旅行
joy,n. 欢乐，快乐；乐趣；高兴 vi. 欣喜，欢喜
judge,vt. 判断；审判 n. 法官；裁判员
judgement,n. 判断；判决；审判；评价；意见
juice,n. 果汁；（水果）汁，液
July,n. 七月
jump,n. 跳跃；暴涨；惊跳 vt. 突升；使跳跃；跳跃；跳过
June,n. 六月；琼（女名）
junior,adj. 年少的；后进的；下级的 n. 年少者，晚辈；地位较低者；大学三年级学生
just,adv. 正好，恰好；只是，仅仅；刚才，刚刚；实在；刚要 adj. 公正的，合理的；应得的；正直的，正义的；公平的；正确的
justice,n. 正义；司法，法律制裁；法官，审判员
justify,vi. 证明合法；整理版面 vt. 证明…是正当的；替…辩护
keen,adj. 敏锐的，敏捷的；热心的；锐利的；渴望的；强烈的 n. 痛哭，挽歌
keep,vt. 保持；遵守；经营；饲养 vi. 继续不断；保持
key,n. 钥匙；关键；（打字机等的）键 vt. 键入；调节…的音调；锁上；提供线索
keyboard,n. 键盘 vt. 用键盘式排字机排字；键入
kick,vt. 踢；反冲，朝后座 n. 踢；反冲，后座力
kid,n. 小孩；小山羊 vt. 欺骗；取笑；戏弄
kill,vt. 杀死；扼杀；使终止；抵消 vi. 杀死
killing,adj. 杀害的；迷人的；使人筋疲力尽的 n. 谋杀；杀戮；猎获物
kilometre,"n. 千米, 公里"
kind,n. 种类；性质 adj. 和蔼的；宽容的；令人感激的
king,n. 国王；最有势力者；王棋 vi. 统治；做国王
kiss,vt. 吻；（风等）轻拂 vi. 接吻；（风等）轻触
kitchen,n. 炊具；厨房；炊事人员
knee,n. 膝盖，膝 vt. 用膝盖碰
knife,n. 刀；匕首 vt. 用刀切；（口）伤害
knock,vi. 敲；敲击；打 vt. 敲；敲击；打；批评
know,vt. 知道；认识；懂得 vi. 了解；熟悉；确信
knowledge,"n. 了解, 理解 个人的知识[学识, 见闻] 学问"
lab,n. [口]实验室，研究室
label,vt. 标注；贴标签于 n. 标签；商标；签条
laboratory,n. 实验室
labour,n. 劳动力，人工；分娩 vi. 分娩；费力地前进；劳动
lack,vt. 缺乏；没有；需要；不足 vi. 缺乏；不足；没有
lady,n. 女士，夫人；小姐；妻子
lake,n. 湖；湖泊 n. 深红色；[化]色淀
lamp,n. 灯；照射器 vt. 照亮
lamp),
land,n. 陆地；地面；国土 vt. 使…登陆；使…陷于；将…卸下
landscape,"n. 风景, 景色 风景画, 风景照"
language,n. 语言；语言文字；表达能力
laptop,n. 膝上型轻便电脑
large,adj. 大的；广博的；多数的 adv. 夸大地；大大地
largely,adv. 主要地；大量地；大部分
last1,
late,adj. 迟的；晚的；已故的；最近的 adv. 晚；迟；在晚期；最近
later,adv. 随后；稍后；后来 adj. 更迟的；更后的
latest,adj. 最新的，最近的；最迟的 n. 最新的事物
laugh,n. 笑；引人发笑的事或人 vi. 笑
laughter,n. 笑声；笑
launch,vt. 发射（导弹、火箭等）；发起，发动；使…下水 vi. 下水；开始；起飞
law,n. 法律；法学；诉讼；法治；司法界；规律 vi. 起诉；控告
lawyer,n. 律师；法学家
lay,vt. 搁放；躺下；产卵 adj. 外行的；世俗的
layer,n. 层，阶层；地层 vt. 用压条法培植；把...堆积成层
lazy,adj. 懒惰的；怠惰的；懒洋洋的；慢吞吞的
lead1,
leader,n. 领导者；首领；指挥者
leadership,"n. 领导; 领导权 领导阶层, 领导人员"
leading,adj. 主要的；领导的 n. 领导；[印刷]铅板；[计]行距
leaf,n. 叶子；（书籍等的）一张；扇页 vi. 生叶；翻书页
league,n. 联盟；社团；范畴 vt. 使…结盟；与…联合
lean,vi. 倾斜；倚靠；倾向；依赖 adj. 瘦的；贫乏的，歉收的
learn,vt. 学习；认识到；得知 vi. 学习；获悉
learning,n. 学习；学问 v. 学习（learn的现在分词）
least,adj. 最小的；最少的（little的最高级） adv. 最小；最少
leather,n. 皮革；皮革制品 vt. 用皮革包盖；抽打
leave,vt. 离开；留下；委托；遗忘 vi. 离开，出发；留下
lecture,n. 演讲；讲稿；教训 vt. 演讲；训诫
left,n. 左边；左派 adj. 左边的；左派的
leg,n. 腿；支柱
legal,adj. 法定的；法律的；合法的
leisure,n. 闲暇；空闲；安逸 adj. 空闲的；有闲的；业余的
lemon,adj. 柠檬色的 n. 柠檬
lend,vt. 贷；增添，提供；把……借给 vi. 贷款
length,n. 长度，长；时间的长短；（语）音长
less,adv. 较少地；较小地；更小地 adj. 较小的；较少的
lesson,n. 课；教训 vt. 上课；教训
let,vt. 允许，让；出租；假设；妨碍 vi. 出租；被承包
letter,n. 字母，文字；信；字面意义；证书；文学，学问 vt. 写字母于
level,n. 水平；水平面；标准 adj. 平坦的；水平的；同高的
library,n. 图书馆，藏书室；文库
licence,n. 许可证，执照；特许 vt. 特许，许可；发给执照
lie),
lie1,
lie2,
life,n. 寿命；生活，生存
lifestyle,n. 生活方式
lift,vt. 举起；提升；空运；鼓舞；[口]抄袭 vi. 消散；升起；耸立
light,n. 光，光亮；灯 adj. 轻的；容易的；光亮的
like,prep. 像 conj. 如同 adv. 大概；和...一样 adj. 相似的；同样的 v. 喜欢；想；愿意 n. 类似的人或物
likely,adj. 很可能的；合适的；有希望的 adv. 很可能；或许
limit,n. 限度；限制；界线 vt. 限制；限定
limited,adj. 有限的 n. [美]高级快车
line,n. 绳；排；路线，航线 vt. 划线于；排成一行；以线条标示；使…起皱纹
link,n. 联系，关系；链环，环节 vt. 连接，连结；联合，结合
lion,n. 狮子；名人；勇猛的人；社交场合的名流
lip,n. 嘴唇；边缘 vt. 以嘴唇碰
liquid,adj. 液体的；清澈的；明亮的；易变的 n. 液体，流体；[语]流音
list,n. 列表；目录；清单 vi. 列于表上
listen,vi. 听，倾听；听从，听信 n. 听，倾听
listener,n. 听众
literature,"n. 文学, 文学作品 文献, 图书资料"
little,adj. 小的；短暂的；很少的；小巧可爱的 adv. 完全不
live1,
live2,
lively,adj. 活泼的；生动的；真实的；生气勃勃的
living,adj. 活的；现存的；活跃的；逼真的 n. 生计；生存；生活
load,n. 负载，负荷；装载量；工作量 vi. 装货；装载；加载
loan,n. 贷款；借款 vi. 借出
local,n. 当地居民；本地新闻；局部 adj. 局部的；当地的；地方性的；乡土的
locate,vt. 位于；查找…的地点 vi. 定居；定位
located,adj. 处于，位于；坐落的
location,n. 位置（形容词locational）；地点；外景拍摄场地
logical,adj. 逻辑学的；合逻辑的，合理的
lonely,adj. 寂寞的；偏僻的 n. 孤独者
long1,
long-term,adj. 长期的
look,vt. 看；期待；注意；面向；看上去像 vi. 看；注意；面向；看起来
loose,adj. 不牢固的；不精确的；宽松的；散漫的 vt. 释放；开船；放枪
lord,n. 上帝；主 int. 主，天啊
lorry,n. （英）卡车；货车；运料车
lose,vt. 使沉溺于；浪费；遗失；使迷路；错过 vi. 失败；受损失
loss,n. 遗失；亏损；失败；减少
lost,adj. 失去的；迷惑的；丧失的 v. 失败；遗失（lose的过去分词）
lot,n. 份额；许多；命运；阄 vt. 划分 adv. 很，非常
loud,adj. 大声的，高声的；不断的；喧吵的 adv. 大声地，高声地，响亮地
loudly,adv. 大声地，响亮地
love,n. 恋爱；酷爱；亲爱的；喜爱的事物 vt. 热爱；喜欢；爱慕
lovely,adj. 可爱的；令人愉快的
low,adj. 低的，浅的；粗俗的；卑贱的；消沉的 adv. 谦卑地，低下地；低声地
lower,vt. 放下，降下；减弱，减少；贬低 vi. 降低；跌落；减弱
luck,n. 运气；幸运；带来好运的东西 vi. 靠运气，走运；凑巧碰上
lucky,adj. 幸运的；侥幸的
lunch,n. 午餐
lung,n. 肺；呼吸器
luxury,n. 奢侈，奢华；奢侈品；享受 adj. 奢侈的
machine,n. 机械，机器；机械般工作的人；机构 vt. 用机器制造
mad,adj. 疯狂的；愚蠢的；着迷的；发疯的 n. 狂怒
magazine,n. 杂志；弹药库；胶卷盒
magic,n. 巫术，魔法，戏法 adj. 不可思议的，有魔力的，魔术的
mail,n. 邮政，邮递；邮件；盔甲 vt. 邮寄；给…穿盔甲
main,n. 主要部分，要点；体力；总管道 adj. 主要的，最重要的；全力的
mainly,adv. 主要地，大体上
maintain,vt. 维持；维修；供养；继续；主张
major,adj. 主要的；主修的；重要的；较多的 n. 成年人；主修科目；陆军少校
majority,n. 多数；[律]成年
make,v. 做；制造；使得；赚（钱）；成功；达成 n. 性格；式样；制造；生产量
male,adj. 雄性的；男性的；有力的 n. 男人；雄性动物
man,n. 男人；人；男子汉；情人；强者；下属 v. 使...振奋；为...配备人手
manage,vt. 管理；经营；设法；控制 vi. 处理；应付过去
management,n. 管理；管理部门；手腕
manager,n. 经理；管理人员
manner,n. 方式；习惯；种类；规矩；风俗
many,pron. 许多；许多人 adj. 许多的
map,vt. 绘制地图；映射；计划；[生物]确定基因在染色体中的位置 n. 地图；示意图；染色体图
March,March n. 三月
mark,n. 马克；符号；痕迹；标志 vi. 作记号
marker,n. 书签；记分员；标识物；作记号的人
market,n. 集市；市场；商店；销路；股票市场；行情；市面 vt. 在市场上出售
marketing,"n. 销售,经销"
marriage,n. 结婚；婚姻生活；密切结合，合并
married,adj. 已婚的，有配偶的；婚姻的，夫妇的；密切结合的 n. 已婚者
marry,vt. 娶；嫁；与……结婚 vi. 结婚
mass,n. 大量，众多；群众，民众；块，团 adj. 大规模的，集中的；群众的，民众的
massive,adj. 大量的；巨大的，厚重的；魁伟的
master,vt. 控制；精通；征服 n. 主人；大师；硕士；教师
match,vt. 使相配；与…竞争；相配；使比赛；敌得过，比得上 vi. 相配，相称；比赛；匹配；相比
matching,adj. 相配的；相称的；一致的 n. 匹配
material,adj. 物质的，实质性的；重要的；肉体的 n. 材料，原料；物资；布料
mathematics,n. 数学
maths,n. 数学（等于mathematics）
matter,n. 物质；事件；原因 vi. 要紧；有关系
maximum,n. 极大，最大限度；最大量 adj. 最多的；最高的；最大极限的
May,aux. 可能，可以；愿意
maybe,adv. 大概；也许；可能 n. 不确定性；可能性
me,pron. 我(宾格)
me),
meal,n. 一餐，一顿饭；膳食 vi. 进餐
mean,adj. 低劣的；平均的；卑鄙的 vt. 意欲；想要；意味
meaning,n. 意义；含义；意图 adj. 意味深长的
means,n. 方法；手段；财产（mean的复数） v. 意思是；打算（mean的第三人称单数）
meanwhile,adv.同时； 其时，其间
measure,n. 措施；程度；测量；尺寸 vt. 测量；估量；权衡
measurement,n. 测量，测量法；尺寸，尺码；大小；衡量；三围
meat,n. 肉，肉类（食用）
media,n. 媒体；媒质（medium的复数）；血管中层；浊塞音；中脉
medical,adj. 医学的；内科的；药的 n. 医生；体格检查
medicine,n. 药；医学；内科；巫术 vt. 给…用药；用药物治疗
medium,adj. 中间的，中等的；半生熟的 n. 媒介；方法；媒体；中间物
meet,vt. 遇见；满足；对付 vi. 相遇；接触
meeting,n. 会议；集会；会见；汇合点 v. 会面；会合（meet的ing形式）
melt,vi. 熔化，溶解；渐混 vt. 使软化；使融化；使熔化；使感动
member,n. 成员；会员；议员
memory,n. 记忆，记忆力；回忆；内存，存储器
mental,adj. 精神的；脑力的；疯的 n. 精神病患者
mention,vt. 说起；提到，谈到；提及，论及 n. 提及，说起
menu,n. 菜单
mess,n. 混乱；混杂；脏乱；一份食品；粪便；（军队的）食堂 v. 弄糟；弄乱；妨碍
message,n. 消息；预言；启示；广告词；差使 vi. 报信，报告；报文
metal,n. 金属；合金 vt. 以金属覆盖
method,n. 方法；条理；[计]类函数 adj. 使用体验派表演方法的
metre,n. 公尺；米；韵律
middle,adj. 中间的，中部的；中级的，中等的 n. 中间，中央；腰部
midnight,n. 午夜，半夜12点钟 adj. 半夜的；漆黑的
might,aux. 可能；也许；may的过去式 n. 威力；力量
mild,adj. 温和的；轻微的；淡味的；文雅的；不含有害物质的的 n. （英国的一种）淡味麦芽啤酒
mile,n. 英里；一英里赛跑；较大的距离
military,adj. 军事的；军人的；适于战争的 n. 军队；军人
milk,n. 牛奶；乳状物 vt. 榨取；挤…的奶
million,n. 百万；无数 adj. 百万的；无数的
million number,
mind,n. 智力；理智，精神；意见；记忆力 vt. 介意；专心于；照料
mine,n. 矿山，矿井；矿，矿藏；地雷，水雷 vt. 开采，采掘；在…布雷
mineral,n. 矿物；[化]无机物；（英）矿泉水；苏打水（常用复数表示） adj. 矿物的；矿质的
minimum,n. 最小量；最小值；最小化；最低限度 adj. 最小的；最低的
minister,n. 部长；大臣；牧师 vi. 执行牧师职务；辅助或伺候某人
minor,adj. 较小的；次要的；未成年的；[音]小调的；二流的 n. 未成年人；副修科目；小调
minority,n. 少数民族；少数派；未成年 adj. 少数的；属于少数派的
minute1,
mirror,n. 镜子；真实的写照；榜样 vt. 反映；反射
miss,vt. 漏掉，错过，想念
missing,adj. 失踪的；缺少的 v. 想念；漏掉；错过（miss的ing形式）
mission,n. 使命，任务；布道；代表团 vt. 派遣；向……传教
mistake,n. 错误；误会；过失 vt. 误解；弄错
mix,vt. 使混和；配制；混淆；使结交 vi. 相混合；交往；参与
mixed,adj. 混合的；弄糊涂的；形形色色的 v. 混合；弄混（mix的过去式和过去分词）
mixture,n. 混合；混合物；混合剂
mobile,"adj. 可迅速转动的, 易于移动的 车载的; 流动的 有交通工具的"
modal,adj. 形式的；情态的；模式的 n. 莫代尔（一种新型纤维素纤维）
model,n. 模型；模范；模特儿；典型；样式 vt. 模仿；模拟；塑造
modern,adj. 现代的，近代的；时髦的 n. 现代人；有思想的人
modify,vt. 修改，修饰；更改 vi. 修改
moment,n. 瞬间；重要时刻；指定时刻；重要，契机
Monday,n. 星期一
money,n. 钱；货币；财富
monitor,n. 监视器，监听器，监控器，班长 vt. 监控
monkey,n. 猴子；顽童 vi. 捣蛋；胡闹
month,n. 月，一个月的时间
mood,n. 心境；情绪，语气；气氛
moon,n. 月亮；月球；月光；卫星 vi. 闲荡；出神
moral,adj. 道德的；精神上的；品性端正的 n. 道德；寓意
more,adv. 更多；更大程度地；此外 adj. 更多的；附加的
morning,n. 早晨；[诗]初期；黎明
most,adv. 最；最多；非常，极其；几乎 adj. 最多的；大部分的，多数的
mostly,adv. 主要地；多半地；通常
mother,n. 母亲；大娘；女修道院院长 vt. 生下；养育；像母亲般关怀或照管
motor,n. 发动机，马达；汽车 adj. 机动的；汽车的
motorcycle,n. 摩托车
mount,vt. 爬上；增加；使骑上马 vi. 爬；上升
mountain,n. 山脉；山
mouse,n. 鼠标；老鼠；胆小羞怯的人 vt. 探出
mouth,n. 口，嘴；河口 vt. 做作地说，装腔作势地说；喃喃地说出
move,n. 迁居；步骤；移动 vi. 移动；搬家，迁移；离开
movement,n. 运动；乐章；活动；运转
movie,n. 电影；电影院；电影业 adj. 电影的
much,adv. 非常，很 adj. 大量的
mud,n. 泥；泥浆；诽谤 vt. 弄脏；抹泥
multiple,adj. 多样的；许多的；多重的 n. 并联；倍数
multiply,vt. 乘；使相乘；使增加；使繁殖 vi. 繁殖；增加；乘
mum,n. 妈妈，母亲
murder,vt. 谋杀，凶杀 n. 谋杀，凶杀
muscle,n. 肌肉；力量 vt. 加强；使劲搬动；使劲挤出
museum,n. 博物馆
music,n. 音乐，乐曲
musical,adj. 音乐的；悦耳的 n. 音乐片
musician,n. 音乐家
must,aux. 必须，一定；很可能；可以，应当 n. 绝对必要的事物；未发酵葡萄汁
my,pron. 我的 int. 哎呀（表示惊奇等）；喔唷
myself,pron. 我自己；我亲自；我的正常的健康状况和正常情绪
mysterious,adj. 神秘的; 难以理解的 诡秘的
mystery,n. 神秘，秘密；神秘的事物；奥秘
nail,vt. 钉；揭露；使固定 n. 指甲；钉子
name,n. 名称；姓名；名义；名誉；名人 v. 命名；取名；说出( ... 的名字) adj. 著名的
narrative,"n. 记叙文; 故事 叙述, 讲述; 叙述部分 adj. 叙述的; 叙事体的"
narrow,adj. 狭窄的，有限的；度量小的；精密的；勉强的 n. 狭窄部分，隘路；海峡
nation,n. 国家；民族；国民
national,adj. 国家的；国民的；民族的；国立的 n. 国民
native,adj. 本国的；土著的；与生俱来的；天然的；天赋的 n. 本地人；土产；当地居民
natural,adj. 自然的；不做作的；天生的；物质的 n. 白痴；自然的事情；[音]本位音
naturally,"adv. 天然地; 天生地 自然; 当然 表现自然地, 不做作地"
nature,n. 自然；性质；种类；本性
near,adj. 近的；近似的；亲近的 adv. 接近；近
nearly,adv. 差不多，几乎；密切地
neat,adj. 整洁的；未搀水的；优雅的；灵巧的；齐整的；平滑的
necessarily,"adv. 必要地, 必需地 必定地; 必然地"
necessary,adj. 必要的; 必需的；必然的; 不可避免的 n. 必需品
neck,n. 脖子；衣领；海峡 vi. [口]搂著脖子亲吻；变狭窄
need,n. 需要，要求；必要之物；缺乏 vt. 需要
needle,n. 针；指针；针状物；刺激 vi. 缝纫；做针线
negative,adj. 消极的；否定的；负的；阴性的 n. 底片；负数；否定
neighbour,n. 邻居 邻近的人[物]; 邻国
neighbourhood,n. 地区; 某地区的人; 与某处邻近的地区
neither,conj. 既不；也不 adv. 两个都不；既不……也不
nerve,n. 神经；勇气；[植]叶脉 vt. 鼓起勇气
nervous,adj. 神经的；紧张不安的；强健有力的
net,n. 网；净利；网络；实价 vi. 编网
network,n. 网络；网状物；广播网
never,adv. 决不；从未
nevertheless,"adv. 仍然, 然而, 不过 conj. 尽管如此, 然而"
new,adj. 新的，新鲜的；更新的；初见的 adv. 新近
news,n. 新闻，消息；新闻报导
newspaper,n. 报纸
next,adv. 其次；然后；下次 adj. 贴近的；下一个的；其次的
next to,
nice,adj. 精密的，美好的，细微的，和蔼的
night,n. 夜晚，晚上；黑暗，黑夜 adj. 夜晚的，夜间的
nightmare,"n. 噩梦 〈口〉可怕的事情, 无法摆脱的恐惧"
nine,n. 九，九个 num. 九个；九
nine number,
nineteen,num. 十九
nineteen number,
ninety,n. 九十 adj. 九十的；九十岁的
ninety number,
no,adv. 不 adj. 没有；不是
nobody,pron. 无人，没有人；没有任何人 n. 小人物；无名小卒
noise,n. 响声；杂音；噪音 vt. 谣传
noisy,adj. 嘈杂的；喧闹的；聒噪的 n. 响声；嘈杂声
none,pron. 没有人；没有任何东西；一个也没有 adj. 没有的，一点没有的
nor,conj. 也不；也不是 adv. 也不；也没有
normal,adj. 正常的；正规的，标准的 n. 常态；正常；标准
normally,adv. 正常地；通常地，一般地
north,n. 北，北方 adj. 北方的；朝北的
northern,adj. 北方的；北部的 n. 北部方言
nose,n. 鼻子；嗅觉；突出的部分；探问 vt. 用鼻子触；嗅
not,adv. 不（用于否定句）
note,n. 笔记；注解；便笺；照会；音符；调子；票据；纸币 vt. 记录；注意；注解
nothing,neg. 没什么；毫不 n. 无；不关紧要之事；零
notice,n. 通知，布告；注意；公告 vt. 注意到；通知；留心
notion,n. 概念；见解；打算
novel,adj. 新奇的；异常的 n. 小说
November,n. 十一月
now,adv. 现在；立刻；如今 adj. 现在的
nowhere,adv. 无处；任何地方都不；毫无结果 n. 无处；任何地方；无名之地
nuclear,adj. 原子能的；中心的；细胞核的；原子核的
number,n. 号码；数字；数；算术；（杂志等的）期 vi. 计入；总数达到
numerous,adj. 许多的，很多的
nurse,vt. 看护，护理；培养；照顾；给…喂奶 vi. 照料，护理；喂奶；当保姆
nut,n. 坚果；螺母，螺帽；难对付的人，难解的问题 vi. 采坚果
o’clock,
obey,vt. 服从，听从；按照……行动 vi. 服从，顺从；听话
object,n. 宾语；客体；目标；物体 vt. 提出…作为反对的理由
objective,n. 目标; 目的 adj. 客观的; 不带偏见的
obligation,n. 义务; 责任
observation,n. 观察；观察力；注意；评论
observe,v. 观察；遵守；注意到；庆祝
obtain,vi. 获得；流行 vt. 获得
obvious,adj. 明显的；显著的；平淡无奇的
obviously,adv. 显然;明白地
occasion,n. 场合；时机，机会；理由 vt. 引起，惹起
occasionally,"adv. 偶尔,间或"
occur,vi. 发生；出现；存在
ocean,n. 海洋；广阔；[口]大量
October,n. 十月
odd,adj. 奇数的；古怪的；临时的；剩余的；零散的 n. 奇数；奇特的事物；怪人
of,prep. 属于；关于；…的；由…组成的
off,prep. 离开；脱落 adv. 走开；切断
offence,n. 犯罪；过错；攻击，冒犯；令人讨厌的事物
offend,vt. 冒犯；使…不愉快 vi. 违反；进攻；引起不舒服
offensive,adj. 令人不快的；冒犯的；侮辱的；与进攻有关的 n. 攻势；攻击
offer,vt. 提供；试图；出价 n. 提议；出价；意图
office,n. 办公室；营业处；官职；政府机关
officer,n. 军官，警官；公务员，政府官员；船长 vt. 指挥
official,adj. 正式的；官方的；公务的 n. 官员；公务员
often,adv. 常常，时常
oh,int. 哦；哎呀（表示惊讶或恐惧等）
oil,n. 油；石油；油画颜料 vt. 涂油；加油；使融化
OK,adj. 好的；不错的 adv. 行；很好
old,adj. 年老的；陈旧的，古老的 n. 古时
old-fashioned,adj. 老式的；老派的；守旧的 n. 古典鸡尾酒
on,adv. 向前地；继续着；作用中，行动中 prep. 在……之上；在……时候；关于；向，朝……
once,adv. 一次；曾经 conj. 一旦
one,n. 一；一个；一体 adj. 一个的；某一个的；唯一的；同一的 pron. 任何人；某人
onion,n. 洋葱；洋葱头
online,n. [计]在线；联机
only,adv. 只，仅仅；不料 adj. 唯一的，仅有的；最合适的
onto,prep. 向，朝在…之上；对…了解；[数]映射到…上 adj. [数]映成的；映射的；自身的
open,adj. 营业着的；敞开的；空旷的；公开的；坦率的 vi. 开始；展现
opening,n. 开始；通路；机会；空缺的职位 adj. 开始的
operate,vi. 运转；动手术；起作用 vt. 操作；经营；对…开刀；引起
operation,"n.操作, 运转, 经营；手术"
opinion,n. 意见；主张
opponent,n. 对手；敌手；反对者 adj. 对立的；敌对的
opportunity,"n. 机会, 时机"
opposed,adj. 敌对的；相反的 v. 使对立；反对（oppose的过去分词）
opposite,adj. 相反的；对面的；对立的 n. 对立面；反义词
opposition,n. 反对；敌对；在野党
option,n. 选择权；选项；[经]买卖的特权
or,conj. 或，或者；还是
orange,adj. 橘色的；橙色的 n. 桔子；橙；橙色
order,n. 命令；顺序；定单；规则 vt. 命令；定购；整理
ordinary,adj. 普通的；平常的；平凡的 n. 普通；平常的人（或事）
organ,n. 器官；风琴；机构；喉舌；报刊
organization,"n. 团体, 机构 组织 组织性, 系统性"
organize,vt. 组织；使有系统化；给予生机；组织成立工会等 vi. 成立组织；组织起来
organized,v. 组织；安排；筹办
organizer,n. 组织者；备忘记事本
origin,n. 出身；原点；起源；开端
original,n. 原物；原作；原型；原件 adj. 原始的；最初的；新颖的；独创的
originally,adv. 起初;原来
other,adj. 其他的，另外的 pron. 另外一个
otherwise,adv. 否则；另外；在其他方面 adj. 另外的；其他方面的；原本，本来 conj. 其他；如果不；然后
ought,aux. 应该，应当；大概 vi. 应该，应当；大概
our,pron. 我们的
ours,pron. 我们的
ourselves,pron. 我们自己
out,adv. 在外；出现；出声地；不流行地；出局 adj. 外面的；出局的；下台的
outcome,n. 结果，结局；成果
outdoor,adj. 户外的；露天的；野外的（等于out-of-door）
outdoors,adv. 在户外 n. 户外
outer,adj. 远离中心的；外面的，外部的 n. 环外命中
outline,n. 轮廓；大纲；概要；略图 vt. 概述；描画…轮廓；略述
outside,adj. 外面的，外部的；外来的 n. 外部；外观
oven,"n. 烤箱, 炉"
over,adv. 结束；越过；从头到尾 prep. 在…之上；越过；遍于…之上
overall,adj. 全部的；全体的；一切在内的 adv. 总的说来；全部地
owe,vt. 感激；欠；应给予；应该把……归功于 vi. 欠钱
own,vt. 拥有；承认 vi. 承认
owner,n. 所有者；物主
Oxford,n. 牛津大学；牛津（英国城市）
pace,n. 步速；步法；一步 vi. 踱步；缓慢而行
pack,n. 包裹；一副；一群；包装；背包 vt. 包装；压紧；捆扎；挑选；塞满
package,n. 包，包裹；套装软件，程序包 adj. 一揽子的
page,n. 页；大事件，时期；记录；男侍者 vt. 给…标页码
pain,n. 疼痛；努力 vt. 使…痛苦；使…烦恼
painful,adj. 疼痛的；痛苦的；令人不快的
paint,vt. 油漆；描绘；装饰；绘画 vi. 油漆；绘画
painter,n. 画家；油漆匠
painting,n. 油画；绘画；着色 v. 涂色于；绘画（paint的ing形式）
pair,n. 一对，一双，一副 vt. 把…组成一对
palace,n. 宫殿；豪华住宅；宅邸
pale,adj. 苍白的；暗淡的；无力的 n. 前哨；栅栏；范围
pan,n. 平锅，盘子；[电影]摇镜头 vi. （镜头）被摇动
panel,n. 仪表板；嵌板；座谈小组，全体陪审员 vt. 嵌镶板
pants,n. 裤子；短裤
paper,n. 纸；文件；报纸；论文 adj. 纸做的
paragraph,n. 段落；节 vt. 将 ... 分段；写短评报道 vi. 写短评
parent,n. 父母亲；父亲（或母亲）；根源
park,n. 公园；停车场 vt. 停放；放置；寄存
parking,n. 停车 adj. 停车的
parliament,"n. 议会, 国会"
part,n. 部分；角色；零件 vt. 分开；分离；分配
part),
participant,n.参与者
participate,"vt. & vi. 参加, 参与"
particular,adj. 特定的；专指的；特殊的；特别的；挑剔的 n. 详情；细节
particularly,adv. 特别; 尤其
partly,adv. 在一定程度上；部分地
partner,n. 合伙人；伙伴；配偶 vi. 合伙；合股；成为搭档
party,n. 聚会，派对；政党，党派；[律]当事人 vi. 参加社交聚会
pass,n. 及格；经过；护照；途径；[体]传球 vi. 经过；传递；变化；终止
passage,n. 通路；走廊；一段（文章）
passenger,"n. 乘客, 旅客"
passion,n. 激情；热情；酷爱；盛怒
passport,n. 护照，通行证；手段
past,n. 过去；往事 adj. 过去的；结束的
path,n. 小路；道路；轨道
patient,adj. 有耐性的，能容忍的 n. 病人；患者
pattern,n. 模式；样品；图案 vt. 以图案装饰；模仿
pay,vt. 支付，付；偿还，补偿 vi. 付款；偿还
payment,n. 付款，支付；报酬，报答；惩罚，报应；偿还
peace,n. 和平；和睦；平静；秩序
peaceful,adj. 和平的，爱好和平的；平静的
pen,n. 钢笔；笔；写作；围栏；雌天鹅 v. 写；把…关在圈中
pencil,n. 铅笔；笔状物 vt. 用铅笔写；用眉笔涂
penny,n. 便士；（美）分
pension1,
people,n. 人；人类；民族；公民 vt. 居住于；使住满人
pepper,n. 胡椒粉；辣椒；胡椒 vt. 加胡椒粉于；使布满
per,prep. 每；每一；经；按照
percentage,"n. 百分比, 百分率 比例"
perform,vt. 执行；完成；演奏 vi. 表演；执行，机器运转
personally,adv. 就个人而言；亲自地；个别地；作为个人；有私交地
perspective,"n. 远景, 景 前途; 希望 透视 透视图 观点, 想法"
persuade,vt. 说服，劝说；使某人相信；劝某人做（不做）某事 vi. 说服；被说服
per cent,
permit,vi. 许可；允许 vt. 允许；许可
perfect,adj. 完美的；最好的；精通的 vt. 使完美；使熟练
perfectly,adv. 完全地；无瑕疵地；完整地；完美地；圆满地
perhaps,adv. 也许；可能 n. 假定；猜想；未定之事
performance,n. 表演；实行；表现；履行；性能；本事；业绩
period,n. 周期，期间；时期；课时；月经 adj. 某一时代的
permanent,"adj. 永久(性)的, 固定的"
permission,"n. 允许, 许可, 准许"
person,n. 人；[语法]人称；身体；容貌，外表
personal,adj. 个人的；身体的；亲自的 n. 人事消息栏；人称代名词
personality,"n. 人格, 个性 人物, 名人 人身攻击, 诽谤"
pet,n. 宠物；受宠爱的人；生气 vt. 宠爱
petrol,n. （英）汽油
phase,n. 相；位相；阶段 vt. 使定相；逐步执行
phenomenon,n. 现象；奇人；奇事
philosophy,"n. 哲学 人生哲学, 人生观 达观"
phone,n. 电话；耳机，听筒 vt. 打电话
photo,n. 照片
photograph,n. 相片 vi. 拍照，摄影；被照相 vt. 给 ... 照相
photographer,n. 摄影师
photography,n. 摄影
phrase,n. 成语；习语；措词 vt. 用短语表达；用语言表达
physical,adj. 身体的；物质的；物理的 n. [口]体格检查
physics,n. 物理学；物理现象
piano,n. 钢琴
pick,vi. 挑选；采摘；挖 vt. 拾取；精选；采摘；掘
picture,n. 照片，图画；景色；影片；化身 vt. 画；想像；描写
piece,n. 件；篇；块；硬币 vt. 修补；接合；凑合
pig,n. 猪肉；猪；警察 vi. 生小猪；像猪一样过活
pile,n. 堆；大量；建筑群 vt. 累积；打桩于
pilot,n. 领航员；飞行员 adj. 试点的
pin,针
pink,n. 粉红色；石竹花；头面人物；化身，典范 vt. 使…变粉红色；使…面红耳赤；扎，刺，戳
pipe,n. 管子；烟斗；管乐器 vt. 以管输送；装管道；吹奏；尖声说；(为衣服等)滚边 vi. 吹奏管乐；尖叫
pitch,vi. 投掷；倾斜；坠落；搭帐篷 vt. 投；定位于；掷；用沥青涂；扎营；向前倾跌
place,n. 地方；住所；座位 vt. 放置；任命；寄予
plain,adj. 平的；朴素的；简单的；清晰的 n. 平原；[计]无格式；朴实无华的东西
plan,n. 平面图；计划 vt. 计划；设计；打算
plane,n. 平面；飞机；程度，水平 vi. 刨；翱翔；乘飞机旅行
planet,n. 行星
planning,n. 计划编制；规划 v. 设计；计划；预期（plan的ing形式）
plant,n. 植物；工厂；设备；设施 v. 种植；设立；建立；安插；栽赃
plastic,adj. 可塑的；塑料的；（外科）造型的 n. 塑料制品；可塑体；整形
plate,"n. 盘子, 碟 金属牌 平板, 薄片 vt. 镀, 电镀"
platform,n. 月台，站台；讲台；平台；坛
play,vt. 演奏；播放；游戏；扮演；同…比赛 vi. 演奏；玩耍；上演；参加比赛
player,n. 演员；演奏者，表演者；运动员，比赛者；游戏者，做游戏的人
pleasant,adj. 令人愉快的，舒适的；讨人喜欢的，和蔼可亲的
pleasant),
please,vt. 使高兴，使满意；使喜欢 vi. 令人高兴；讨人喜欢
pleased,adj. 高兴的；喜欢的；乐意做某事 v. 满意；愿意（please的过去分词形式）
pleasure,n. 快乐；娱乐；希望；令人高兴的事 vt. 使满意；使高兴
plenty,n. 丰富，大量；充足 adj. 足够的，很多的
plot,n. 阴谋；情节；图 vt. 密谋；划分；标绘；绘图
plus1,
pocket,n. 口袋；钱；容器 vt. 隐藏；忍受；将…放入衣袋
poem,n. 诗
poet,n. 诗人
poetry,n. 诗；诗意，诗情；诗歌艺术
point,n. 要点；尖端；得分；标点 vt. 指向；弄尖；加标点于
pointed,adj. 尖的；锐利的；突出的；率直的 v. 指出；瞄准（point的过去式）
poison,vt. 使中毒，放毒于；败坏；污染；阻碍 vi. 放毒，下毒
poisonous,adj. 有毒的；恶意的
police,n. 警察，警方；治安 vt. 维持治安；监督；管辖；为…配备警察
policeman,n. （男）警察
policy,n. 政策，方针；保险单
polite,adj. 有礼貌的，客气的；文雅的；上流的；优雅的
political,adj.政治的；政治上的；>政党的，党派的；对政治有兴趣的，政治上活跃的
politician,"n. 政治家 政客, 玩弄权术者"
politics,n. 政治，政治学；政治活动；政纲
pollution,"n. 污染, 弄脏"
pool,n. 水塘；游泳池 n. 共同储金；联营；美式撞球 v. 共用；汇集
poor,adj. 可怜的；贫穷的；贫乏的；卑鄙的
pop,n. 砰然声；[口]汽水；枪击；流行音乐 vi. 突然出现；瞪大；射击；发出爆裂声；爆开
popular,adj. 流行的，通俗的；受欢迎的；大众的；普及的
popularity,"n. 普遍,流行;受欢迎;有声望"
population,n. 人口；(全体)居民；群体
port,n. 港口，口岸；左舷；舱门；（计算机的）端口 vi. 转向左舷
portrait,n. 肖像；半身雕塑像；描写
pose,v. 摆姿势；装模作样；提出…讨论；造成，形成 n. 姿势，姿态；装模作样
position,n. 位置，方位；职位，工作；姿态；站位 vt. 安置；把……放在适当位置
positive,adj. 确定的，肯定的；积极的；正的，阳性的；绝对的；实际的，真实的 n. 正片；正数
possess,vt. 持有；控制；迷住；使掌握
possession,"n. 占有, 持有, 拥有 个人财产, 私人财物 领地, 属地, 殖民地"
possibility,n. 可能；可能性；可能的事情；潜在的价值
possible,adj. 可能的；合理的；合适的 n. 可能性；可能的事物；合适的人
possibly,adv. 可能地；大概；也许
post,n. 职位；邮件；标竿 v. 邮递；通知；布置；派遣；急行 adv. 快速地
poster,n. 海报，广告；招贴
pot,n. 罐；壶；盆 vt. 把…装罐；射击；节略
potato,n. 土豆，马铃薯
potential,"adj. 潜在的, 有可能的 n. 潜力；电位；电势；可能性"
pound,n. 英镑；兽栏；重击，重击声；拘留所 vt. 捣烂；敲打；监禁，拘留
pour,n. 倾泻；流出；骤雨 vt. 倒；灌，注；倾吐；倾泻
poverty,n. 贫困；缺少；低劣；困难
powder,n. 粉末；粉；火药；尘土 vt. 使成粉末；搽粉于；撒粉
power,n. 能力；力量；功率；幂；势力；政权 vt. 激励；供以动力；使…有力量
powerful,adj. 强大的；强有力的 adv. 很；非常
practical,adj. 明智的；实际的；实用的；事实上的 n. 实践考试
practice,n. 练习；实践；惯例 vi. 练习；实习；实行
practise,vi. 练习，实践；实施，实行；从事 vt. 练习，实践；实施，实行
praise,n. 称赞；赞扬；崇拜；荣耀 vt. 赞美，歌颂；表扬
pray,vt. 祈祷；恳求；央求 vi. 祈祷；恳求；请
prayer,n. 恳求；祈祷，祷告；祈祷文
predict,vt. 预报，预言；预知 vi. 作出预言；作预料，作预报
prediction,n. 预言;预言的事物
prefer,vt. 宁愿；更喜欢；提出；提升 vi. 愿意；喜欢
pregnant,adj. 怀孕的；富有意义的
preparation,n. 准备；预备；配制
prepare,vt. 准备；使适合；装备；起草 vi. 预备；做好思想准备
prepared,adj. 精制的；准备好的 v. 准备（prepare的过去分词）
presence,n. 出席；参加；风度；仪态；存在
present,vt. 呈现；介绍；提出；赠送 vi. 举枪瞄准
presentation,n. 介绍；陈述；赠送物；报告；[美]讲课
preserve,vt. 保存；保护；维持；禁猎；腌 n. 禁猎地；保护区；加工成的食品
president,n. (国家)总统；(公司)总裁；校长；总经理；社长
Press,vt. 压；按；紧抱；逼迫 vi. 压；重压；逼
pressure,n. 压力；压迫，压强 vt. 迫使；密封；使……增压
pretend,vt. 假装；伪称；假扮 vi. 假装；伪称
pretty,adj. 漂亮的；可爱的；优美的 adv. 相当地；颇
prevent,vt. 预防，防止；阻止 vi. 妨碍，阻止
previous,adj. 以前的；早先的；过早的 adv. 在…以前；在先
previously,adv. 事先;以前 仓促地;不成熟地
price,n. 价格；代价；价值 vt. 给……定价；问……的价格
priest,n. 牧师；神父；教士 vt. 使成为神职人员；任命…为祭司
primary,adj. 主要的；初级的；基本的 n. 原色；最主要者
prime,adj. 基本的；最好的；主要的 adv. 极好地
prince,n. 王子，国君；亲王；贵族
princess,n. 王妃；公主；女巨头
principle,n. 原理；原则；主义；信念
print,n. 印刷业；印刷字体；印记；印花布；印章 vt. 印刷；打印；用印刷体写；刊载；在…印花样
printer,n. 打印机；印刷工；印花工
printing,n. 印刷；印刷术
priority,n. 优先；优先权；优先次序；优先考虑的事
prison,n. 监狱；拘留所；监禁 vt. 监禁，关押
prisoner,n. 囚犯，犯人；刑事被告；俘虏
privacy,n. 秘密；隐私；隐居；[古]隐居处
private,adj. 私人的；私有的；私下的 n. 列兵；二等兵
prize,n. 奖品；奖赏；战利品 vt. 珍视；估价；捕获
probably,adv. 大概；或许；很可能
problem,n. 难题；引起麻烦的人 adj. 成问题的；难处理的
procedure,n. 程序；手续；步骤
process,vt. 处理；加工 n. 过程，进行；方法，步骤；作用；程序；推移
produce,vt. 生产；引起；创作 n. 农产品，产品
producer,n. 生产者；制作人，制片人；发生器
product,n. 产品；结果；作品；乘积
production,n. 生产；产量；作品；成果；分泌；制作；上映；播出
profession,n. 职业；声明；行业；信仰
professional,adj.职业的，专业的
professor,n. 教授
profile,n. 侧面，轮廓，外形，剖面
profit,n. 利润；利益 vi. 有益；获利
program,n. 程序；计划；大纲 vt. 用程序指令；为…制订计划；为…安排节目
programme,"n. 节目; 节目单 计划; 规划; 大纲 vt. 计划, 安排"
progress,n. 进步，发展；前进 vi. 进行；前进，进步
project,vi. 设计；表达；计划；投射 vt. 设计；放映；计划；发射
promise,n. 许诺，允诺；希望 vt. 允诺，许诺；给人以…的指望或希望
promote,vt. 促进；提升；发扬；推销 vi. 成为王后或其他大于卒的子
pronounce,"vt. & vi. 发音, 读 vt. 宣布; 宣称 vi. 宣判"
proof,n. 证明；证据；校样；考验；验证；试验 adj. 防…的；不能透入的；证明用的；耐…的 vt. 试验；校对；使不被穿透
proper,adj. 适当的；特有的；本身的；正派的 adv. [方言]完全地
properly,adv. 适当地；正确地；恰当地
property,n. 财产；性质，性能；所有权
proposal,n. 提议，建议；求婚
propose,vt. 建议；打算，计划；求婚 vi. 建议；打算；求婚
prospect,n. 希望；前景；景色 v. 勘探；寻找
protect,vt. 保护，防卫；警戒
protection,"n. 保护, 保卫 贸易保护措施 防护物 (向歹徒缴纳的)保护费"
protest,vi. 抗议；断言 vt. 抗议；断言
proud,adj. 自豪的；自负的；得意的
prove,vt. 证明；检验；显示 vi. 证明是
provide,vt. 规定；提供；准备；装备 vi. 抚养；规定；作准备
psychologist,n.心理学研究者，心理学家
psychology,n. 心理；心理学
pub,n. 酒馆；客栈
public,adj. 公用的；公众的；公立的；政府的 n. 公众；社会；公共场所
publication,n. 出版；发行；出版物；公布；发表
publish,vt. 发表；出版；公布 vi. 出版；发行；刊印
pull,vt. 拉；拖；拔 vi. 拉，拖；拔
punish,vt. 严厉对待；惩罚；[口]贪婪地吃喝 vi. 惩罚
punishment,"n. 处罚, 受罚"
pupil,n. 学生；瞳孔；未成年人
purchase,n. 购买；紧握；起重装置 vt. 购买；赢得
pure,adj. 纯的；纯洁的；清白的；纯粹的；纯理论的
purple,adj. 紫色的；帝王的；华而不实的 n. 紫色；紫袍
purpose,n. 目的；用途；意志 vt. 打算；企图；决心
pursue,v. 追求；追捕；继续执行；从事
push,vt. 推动；推行；逼迫；增加 vi. 推；推进；增加；努力争取；伸展
put,vt. 放；表达；移动；安置；赋予 vi. 航行；出发；发芽；击
qualification,"n. 合格证书 资格, 条件 限制, 限定性条件"
qualified,adj. 有资格的；有保留的；有限制的；能胜任的
qualify,vt. 使具有资格；证明…合格；限制 vi. 取得资格，有资格
quality,n. 质量，品质；特性；才能
quantity,n. 量，数量；总量；大量
quarter,n. 四分之一；地区；季度；一刻钟；两角五分；[篮球]节 vi. 住宿；驻扎
queen,n. 女王，王后；（纸牌中的）皇后；（蜜蜂等的）蜂王 vt. 使…成为女王或王后
question,n. 问题，疑问；询问；疑问句 vt. 怀疑；询问；审问
queue,n. 队列；长队；辫子 vi. 排队；排队等候
quick,adj. 快的，迅速的；敏捷的；灵敏的 int. 快点 adv. 迅速地；敏捷地 n. 核心；伤口的嫩肉；（古）活着的人们；（非正式）快投手
quickly,adv. 很快地；迅速地
quiet,adj. 安静的；安定的；温顺的；不动的 n. 安静；和平
quietly,adv. 安静地；秘密地；平稳地
quit,vt. 停止；放弃；离开；使…解除 vi. 停止；辞职；离开
quite,adv. 很；相当；完全
quotation,n. 语录；引用；行情；引语；报价
quote,vt. 引述；举证；报价 vi. 引用；引证；报价
race,n. 种族，人种；家庭，门弟；属，种 vt. 和…竞赛；使急走，使全速行进；使参加比赛
racing,n. 竞赛；赛马 vi. 竞赛；赛马（race的ing形式）
radio,n. 收音机；无线电广播设备 vi. 用无线电进行通信
railway,n. （英）铁路；铁道部门；轨道 vi. 乘火车旅行
rain,n. 雨；雨天；雨季；下雨 vi. 下雨；降雨
raise,vt. 提高；筹集；养育；升起 vi. 上升
range,n. 范围；山脉；排；幅度 vi. 平行，列为一行；延伸；漫游；射程达到
rank,n. 等级；队列；排；军衔 adj. 讨厌的；恶臭的；繁茂的
rapid,adj. 迅速的，急促的；飞快的；险峻的 n. 急流；高速交通工具，高速交通网
rapidly,adv. 迅速地；很快地；立即
rare,adj. 半熟的；稀有的；稀薄的 adv. [口]非常；极其
rarely,adv. 很少地；难得；罕有地
rate,n. 比率，率；速度；等级；价格 vt. 估价；认为；责骂
rather,adv. 宁可，宁愿；相当 int. 当然啦（回答问题时用）
raw,adj. 生的；未加工的；阴冷的；刺痛的；擦掉皮的；无经验的；（在艺术等方面）不成熟的 n. 擦伤处
reach,vi. 达到；延伸；传开；伸出手 vt. 抵达；达到；伸出；影响
react,vi. 反应；影响；反抗；起反作用 vt. 使发生相互作用；使起化学反应
reaction,n. 反应，感应；反作用；反动，复古
read,vt. 阅读；读懂，理解 vi. 读；读起来
reader,n. 读者；读物；阅读器
reading,n. 阅读，朗读；读物；读数 adj. 阅读的
ready,adj. 准备好；情愿的；现成的；迅速的；快要…的 n. 现款；预备好的状态
real,adj. 真实的；实在的；实际的 adv. 确实地；真正地
realistic,"adj. 现实的, 实际可行的; 现实主义的"
reality,n. 现实；真实；实际
realize,vt. 实现；了解；将某物卖得；认识到
really,adv. 实际上，事实上；真正地，真实地；真的吗？（表语气）
reason,n. 理由；理性；动机 vi. 推论；劝说
reasonable,adj. 合理的；通情达理的；公平适度的
recall,vt. 回想起，记起；召回；取消 n. 召回；回忆；撤消
receipt,n. 收到；收据；收入 vt. 收到
receive,vt. 收到；接待；接纳 vi. 接收
recent,adj. 最近的；近代的
recently,adv. 最近；新近
reception,n. 接待；反应；接待处；欢迎；接收；招待会
recipe,n. 食谱；[医]处方；秘诀
recognize,vt. 承认；认出；意识到；表示感激；识别
recommend,vt. 推荐；建议；劝告；使受欢迎；使可取
recommendation,"n. 推荐, 劝告, 建议(尤做法) 推荐信, 介绍信"
record,vt. 记录，记载；将...录音；标明 vi. 记录；录音
recording,n. 录音
recover,vt. 恢复；重新获得；弥补 vi. 恢复；胜诉；[体]重新得球
recycle,vt. 使再循环；使…重新利用 vi. 重复利用
red,n. 红色，红颜料；赤字 adj. 红色的；红肿的，充血的
reduce,vt. 减少；降低；把…分解；使处于 vi. 减少；缩小；归纳为
reduction,n. 减少；降低；减价；(化学)还原反应；(数学)约分
refer,vi. 涉及；查阅；提到；参考 vt. 归诸于；使…求助于；委托；涉及
reference,n. 参考；参照；出处；推荐人；推荐函 v. 注明出处；附参考资料
reflect,vt. 反射，照出；反省；反映 vi. 反射，映现；深思
refuse1,
regard,v. 尊敬；视为；注视；留意；和 ... 有关 n. 关心；尊敬；注意；致意；考虑
region,n. 地区；范围；部位
regional,adj. 地区的；整个地区的；局部的
register,vt. 记录；注册；登记；把…挂号；挂号邮寄；正式提出 vi. 登记；注册；挂号
regret,n. 遗憾；抱歉；悲叹 vt. 后悔；哀悼；惋惜
regular,adj. 整齐的；定期的；有规律的；合格的 n. 正式队员；常客；中坚分子
regularly,"adv. 有规律地 定期地 经常地,习惯性地 整齐地,均匀地"
regulation,n. 管理；规章；规则 adj. 规定的
reject,vt. 拒绝；抵制；丢弃；排斥 n. 被弃之物或人；次品
relate,vt. & vi. (把…)联系起来 vt. 讲述; 叙述
related,adj. 讲述的，叙述的；有关系的，有关联的 v. 叙述（relate过去式）
relation,n. 关系；亲属关系；叙述；故事
relationship,"n. 关系, 联系"
relative,adj. 相对的；有关系的；成比例的 n. 亲戚；关系词；相关物；亲缘植物
relatively,"adv. 相对地,比较而言;相当 相对来说；相比较而言"
relax,vi. 放松，休息；松懈，松弛；变从容；休养 vt. 缓和；使松懈；使休息；放松；使松弛
relaxed,adj. 松懈的，放松的；不严格的，不拘束的；悠闲的，自在的 v. relax的过去式和过去分词
relaxing,adj. 令人轻松的 v. 放松；松懈；缓和；休息（relax的ing形式）
release,vt. 释放；发射；让与；允许发表 n. 释放；发布；让与
relevant,adj. 有关的；中肯的；有重大作用的
reliable,adj. 可靠的；可信赖的 n. 可靠的人
relief,n. 减轻，解除；救济；安慰
religion,n. 宗教信仰；宗教
religious,adj. 宗教的；虔诚的；严谨的；信奉宗教的
rely,vi. 信赖；依靠
remain,vi. 保持；依然；留下；剩余；逗留；残存 n. 遗迹；剩余物，残骸
remark,n. 评论；备注；注意 v. 评论；注意到
remember,vt. 记得；牢记；纪念；代…问好 vi. 记得，记起
remind,vt. 提醒；使想起
remote,adj. 遥远的；偏僻的；疏远的 n. 远程
remove,vt. 移动，迁移；开除；调动 vi. 移动，迁移；搬家
rent,n. 租金 vt. 租借；出租；租用
repair,vi. 修复；修理 vt. 恢复；修理；补救，纠正
repeat,vt. 重复；复制；背诵 n. 重复；副本
repeated,adj. 再三的，反复的 v. 重复；复述（repeat的过去分词）
replace,vt. 取代，代替；替换，更换；归还，偿还；把…放回原处
reply,vi. 回答；回击；答辩 n. 回答；答辩
report,n. 报告；报道；成绩单 vt. 报告；报导；使报到
reporter,n. 记者
represent,vt. 表现；表示；描绘；代表；象征；说明；阐明 vi. 提出异议
representative,n. 代表；众议员；典型 adj. 代表的；典型的；代表制的
reputation,"n. 名气, 名声, 名誉"
request,n. 请求；需要 vt. 要求，请求
require,vt. 要求；需要；命令
requirement,"n. 要求, 必要条件 需要, 需要的东西"
rescue,vt. 营救；援救 n. 援救；营救；解救
research,n. 研究；调查 vi. 研究；调查
researcher,n. 研究员;调查者
reservation,n. 预定；保留意见
reserve,n. 储备，储存；预备队；储备金；自然保护区 vt. 保留；储备；预约
resident,adj. 定居的；居住的；住院医师 n. 居民
resist,vi. 抵抗，抗拒；忍耐 vt. 抵抗；忍耐，忍住
resolve,vt. 解决；决定；表决；分解 vi. 决定；分解 n. 决心；坚决
resort,n. (度假)胜地；手段；凭借 vi. 诉诸；常去
resource,n. 资源，财力；办法；智谋
respect,n. 尊敬，尊重；方面；敬意 vt. 尊敬，尊重；遵守
respond,vi. 回答；作出反应；承担责任 vt. 以…回答
response,n. 响应；反应；回答
responsibility,n. 责任；职责；责任心
responsible,adj. 有责任的；负责的；责任重大的；可靠的
rest,n. 休息，睡眠；静止；支持物；剩余部分，余下的人或物 vt. & vi.（使）休息；（使）倚靠，支撑；停止，不再谈论
restaurant,"n. 饭店, 餐馆"
result,n. 结果；成绩；答案；比赛结果 vi. 产生；结果；导致
retain,vt. 保持；雇；记住
retire,vi. 退休；撤退；退却 vt. 退休；收回；离开
retired,adj. 退休的；退役的；幽闭的 v. 退休（retire的过去分词）
return,vt. 返回；报答 n. 返回；归还；回球
reveal,vt. 揭露；显示；透露；泄露 n. 揭露；暴露；门侧，窗侧
review,n. 评论；回顾；复习；检讨；检阅 vt. 回顾；复审；检查
revise,vt. 校订；修正；复习 vi. 修订；校订；复习功课
revolution,"n. 革命 彻底改变, 重大变革 旋转; 运行, 公转"
reward,n. 报酬；酬谢；报答 vt. 奖赏；奖励
rhythm,n. 节奏；韵律
rice,n. 稻；米饭 vt. 把…捣成米糊状
rich,adj. 富有的；肥沃的；昂贵的
rid,vt. 使去掉；使摆脱
ride,vi. 骑马；乘车；漂浮；依靠 vt. 骑；乘；控制
right,adj. 正确的；右方的；直接的 vi. 恢复平稳；复正
ring1,
ring2,
rise,vi. 上升；起立；高耸；增强 vt. 使…飞起；使…浮上水面
risk,n. 危险；风险；冒险 vt. 冒…的危险
river,n. 河，江
road,n. 道路；公路，马路；手段 vt. （狗）沿臭迹追逐（猎物）
robot,n. 机器人；遥控设备，自动机械；机械般工作的人
rock,n. 岩石；暗礁；摇滚乐 vt. 摇动；使摇晃
role,n. 角色；任务
roll,vt. 滚动，转动；卷；辗 vi. 滚动；转动；起伏，摇晃；卷
romantic,adj. 浪漫的；空想的；多情的 n. 浪漫的人
roof,n. 屋顶；最高处，顶部；最高限度 vt. 给…盖屋顶，覆盖
room,n. 房间；空间；机会；余地 vt. 为…提供住处
root,n. 根；根源；祖先；词根 vi. 生根；根除
rope,n. 绳，绳索 vt. 捆，绑
rough,adj. 粗糙的；粗野的；未经加工的；粗略的；艰苦的 vt. 使粗糙；粗暴对待；草拟
round,n. 圆形物；一回合；圆；循环 adj. 圆的；完全的；大概的；肥胖的
route,vt. 按某路线发送 n. 路线；航线；通道
routine,n. 例行公事；日常工作；程序 adj. 日常的；例行的
row1,
royal,adj. 皇家的；盛大的；高贵的；女王的；第一流的 n. 王室成员；王室
rub,vt. 擦；摩擦；惹怒 vi. 摩擦；擦；擦破
rubber,n. 橡胶；橡皮；合成橡胶；按摩师 adj. 橡胶制成的
rubbish,n. 垃圾，废物；废话 adj. 毫无价值的
rude,adj. 粗鲁的；无礼的；狂暴的；未开化的
rugby,n. 英式橄榄球；拉格比（英格兰中部的城市）
rule,vi. 统治；裁定；管辖 n. 规则；统治
run,v. 跑；行驶；运转；运营；持续；蔓延；传播；竞选；遭遇；熔化；褪色；流 n. 路程；奔跑；趋向 adj. 熔化的；浇铸的；洄游的
runner,n. 走私者；跑步者；推销员；送信人
running,n. 赛跑；运转；流出 adj. 连续的；流动的；跑着的；运转着的
rural,adj. 农村的，乡下的；田园的，有乡村风味的
rush,n. 匆促；急流；冲进；灯心草 adj. 急需的
sad,adj. 悲哀的，令人悲痛的；难过的；凄惨的，阴郁的（形容颜色）
sadly,adv. 悲哀地；悲痛地
safe,adj. 安全的；可靠的；平安的 n. 保险箱；冷藏室；纱橱
safety,n. 安全；保险；安全设备；保险装置；安打
sail,vi. 航行；启航，开船 n. 帆，篷；航行
sailing,n. 航行，航海；启航；航海术 adj. 航行的
sailor,n. 水手，海员；乘船者
salad,n. 色拉；尤指莴苣
salary,n. 薪水
sale,n. 出售；销售额；拍卖；销售；廉价出售
salt,n. 盐；风趣，刺激性 adj. 含盐的，咸味的；咸水的；盐腌的；猥亵的
same,adj. 相同的；同一的；无变化的；上述的（通常与the连用） pron. 同样的事物或人（通常与the连用）
sample,vt. 取样；抽样检查；尝试 n. 样品；样本；例子
sand,n. 沙；沙子；沙滩；沙地；沙洲 vt. 撒沙于；以沙掩盖；用砂纸等擦平或磨光某物；使撒沙似地布满；给…掺沙子
sandwich,n. 三明治 vt. 插入；夹在中间
satellite,"n. 卫星 人造卫星 卫星国, 附庸国, 卫星都市"
satisfied,adj. 满意的;满足的
satisfy,vi. 令人满意；令人满足 vt. 满足；使满意，使高兴；说服，使相信
Saturday,n. 星期六
sauce,n. 调味汁；沙司；酱油 vt. 使增加趣味；给…调味
save,vt. 节省；保存；解救；储蓄 vi. 节省；求救；挽救
saving,n. 存款；节约；挽救 adj. 节约的；补偿的；保留的；挽救的
say,vt. 讲；说明；指明；假设；例如；声称 vi. 讲；假定；表示；念；背诵
sb/sth,
scale,n. 刻度；比例；数值范围；天平；规模；鳞 vi. 攀登；衡量；生水垢；剥落
scan,vt. 扫描；细看；浏览；详细调查；标出格律 vi. 扫描；扫掠
scared,adj. 害怕的 v. 使害怕（scare的过去分词）
scary,adj. 引起惊慌的；胆小的；提心吊胆的
scene,n. 情景；景象；场面；事件
schedule,vt. 安排，计划；编制目录；将……列入计划表 n. 时间表；计划表；一览表
scheme,n. 计划；组合；体制；诡计 vi. 搞阴谋；拟订计划
school,n. 学校；学派；学院；鱼群 vt. 教育
science,n. 科学；理科；技术；学科
scientific,adj. 科学的
scientist,n. 科学家
score,n. 刻痕；配乐；分数；二十 vt. 评价；获得；划线，刻划；把…记下
scream,vi. 尖叫；发出尖锐刺耳的声音；呼啸；令人触目惊心 vt. 尖声喊叫；大叫大嚷着要求
screen,n. 屏，幕；屏风 vt. 筛；放映；掩蔽；拍摄
script,n. 手迹；脚本；书写用的字母 vt. 把…改编为剧本
sculpture,n. 雕塑；雕刻 v. 雕刻；雕塑；刻蚀；当雕刻师
sea,n. 海洋；海；许多；大量
search,vi. 搜寻；调查；探求 vt. 搜索；搜寻；搜查；调查；探求
season,n. 时期；季节；赛季 vt. 给…调味；使适应
seat,n. 座位；所在地；职位 vt. 使…坐下；可容纳…的；使就职
second1,
secondary,adj. 次要的；从属的；中等教育的 n. 副手；次要位置
secondly,adv. 其次；第二
secret,n. 秘密；秘诀；机密 adj. 秘密的；机密的
secretary,n. 部长；秘书；书记；大臣；写字台
section,n. 章节；地区；截面；部门 vi. 被切割成片；被分成部分
sector,n. 部门；部分；防御地段；防区；扇形，扇区；象限仪；函数尺 vt. 把…分成扇形
secure,adj. 安全的；无虑的；有把握的；稳当的 vt. 保护；招致；缚住；弄到
security,n. 安全；抵押品；证券；保证 adj. 安全的；保密的；保安的
see,vt. 看见；领会；理解 vi. 看；看见；领会
seed,n. 种子；萌芽；原由；根据；子孙；精液 vt. 播种；结实；成熟；去…籽
seek,vt. 寻找；探索；寻求；搜索 vi. 寻找；探索；搜索
seem,vi. 似乎；像是；装作
select,vt. 挑选；选拔 adj. 精选的；挑选出来的；极好的
selection,n. 选择；挑选；挑选出来的人或事
self,n. 自己，自我；本质；私心 adj. 同一的
sell,vt. 销售；出卖；推销；欺骗 vi. 卖；出售；有销路；受欢迎
send,vt. 发送，寄；派遣；发射；使进入 vi. 派人；寄信
senior,adj. 高级的；年长的；地位较高的；年资较深的，资格较老的 n. 上司；较年长者；毕业班学生
sense,"n. 官能, 感官；辨别, 领悟, 感觉；识别力; 常识; 见识；健全的心智; 思维能力; 理性；道理; 目的；意义, 意思 vt. 感觉到; 意识到; 发觉"
sensible,adj. 明智的；意识到的；通晓事理的；明显的 n. 可感觉到的东西；敏感的人
sensitive,adj.易受伤害的，易损坏的；易受影响的；敏感的；易生气的；感情容易冲动的；神经质的
sentence,n. 宣判，判决；句子，命题 vt. 判决，宣判
separate,vt. 使分离；使分居；使分开 vi. 分开；分居；隔开
September,n. 九月
sequence,n. 序列；顺序；续发事件 vt. 按顺序排好
series,n. 系列，连续；丛书；[电]串联；[数]级数
serious,adj. 严肃的，严重的；认真的；庄重的；危急的
seriously,adv. 严肃地；认真地；严重地
servant,n. 仆人，佣人；公务员；雇工
serve,vt. 招待，供应；为…服务；对…有用；可作…用 vi. 服役，服务；适合，足够；招待，侍候；发球
service,n. 服务，服侍；服役；仪式 adj. 服现役的；服务性的；耐用的
session,n. 会议；（法庭的）开庭；（议会等的）开会；学期；讲习会
set,n. 集合；一套；布景；装置；趋势 vt. 树立；点燃；放；点缀；使凝结
setting,n. 环境；布置；安装；沉落 v. 放置；沉没；使…处于某位置（set的ing形式）
settle,vi. 定居；下陷；解决；沉淀 vt. 解决；安排；使…定居
seven,num. 七个，七 n. 七个，七
seventeen,num. 十七
seventy,n. 七十；七十个；七十岁；七十年代 adj. 七十的；七十个的；七十岁的
several,adj. 几个的；各自的 pron. 几个；数个
severe,adj. 严厉的；苛刻的；剧烈的；严峻的
sex,"n. 性别; 性 男性; 女性 性关系 性活动, 性行为"
sexual,adj. 性的；性欲的；有性生殖的；性别的
shade,n. 树荫；阴影；阴凉处；遮阳物；（照片等的）明暗度；少量、些微；细微的差别 vt. 为…遮阳；使阴暗；使阴郁；掩盖；使渐变
shadow,n. 影子；阴影；庇护；幽灵；隐蔽处 vt. 遮蔽；尾随；预示；使朦胧
shake,vt. 摇动；动摇；震动 vi. 摇动；发抖；动摇
shall,aux. 将；必须；会；应
shallow,adj. 浅的；肤浅的 n. 浅滩
shame,n. 羞耻，羞愧；憾事，带来耻辱的人 vt. 使丢脸，使羞愧
shape,n. 形状；具体化；模型；身材 vt. 塑造，使成形；形成；使符合
share,vt. 分享，分担；分配 vi. 分担；共享
sharp,adj. 急剧的；锋利的；刺耳的；敏捷的；强烈的 adv. 锐利地；急剧地；突然地
she,pron. 她（主格）
sheep,n. 羊，绵羊；胆小鬼
sheet,n. 薄片，纸张；床单；薄板 vt. 盖上被单；覆盖；使成大片
shelf,n. 搁板；架子；搁板状物
shell,n. 壳，贝壳；外形；炮弹 vi. 剥落；[计]设定命令行解释器的位置
shelter,n. 避难所；遮盖物；庇护 vt. 使掩蔽；保护
shift,v. 移动；改变；换挡；字型转换 n. 轮班；变化；移动；计谋；轮班职工
shine,vi. 照耀；显露；出众 n. 光泽；擦亮；晴天
shiny,adj. 有光泽的，擦亮的；晴朗的；闪耀的；磨损的
ship,vt. 运送，乘船；以船运送 vi. 当船员；上船；乘船旅行
shirt,n. 衬衫；汗衫，内衣
shock,n. 打击；震动；震惊；休克；禾束堆 vt. 使震动；使震惊；使受电击；使休克；把…堆成禾束堆
shocked,adj. 震撼的；震惊的 v. 使震动（shock的过去式）
shoe,n. 鞋；蹄铁；外胎 vt. 给……穿上鞋；穿……鞋
shoot,vt. 射击，射中；拍摄；发芽；使爆炸；给…注射 vi. 射击；发芽；拍电影 n. 射击；摄影；狩猎；急流
shooting,n. 射击；打猎；摄影；射门 v. 射击（shoot的ing形式）
shop,n. 商店；店铺 vt. 购物
shopping,n. 购物，买东西 v. 购物（shop的ing形式）
short,adj. 短的；不足的；急速的；唐突的 adv. 突然；不足；唐突地
shot,n. 发射；炮弹；射手 adj. 用尽的；破旧的；杂色的，闪光的
should,aux. 应该；将要；可能；就
shoulder,n. 肩，肩膀；肩部 vt. 肩负，承担
shout,vi. 呼喊；喊叫；大声说 vt. 呼喊；大声说
show,vt. 显示；演出；展出；说明 vi. 显示；指示；说明
shower,n. 淋浴；阵雨；（倾泻般出现的）一阵，一大批 vt. 大量地给予；把……弄湿
shut,vt. 关闭；停业；幽禁 vi. 关上；停止营业
shy,adj. 害羞的；畏缩的，胆怯的 vi. 惊退；厌恶；畏缩；投
sick,n. 病人 adj. 厌恶的，病态的，不舒服，渴望的，恶心的
side,n. 方面；侧面；旁边 vi. 支持；赞助；偏袒
sight,n. 视力；眼界；景象；见解 vt. 看见；瞄准
sign,n. 符号；记号；迹象；手势 vi. 签名；签署
signal,n. 信号；暗号；导火线 vt. 用信号通知；标志
significant,adj. 重要的；有意义的；意味深长的；显著的
significantly,adv. 意味深长地 值得注目地
silence,n. 寂静；无声状态；不谈；缄默；沉默 vt. 使沉默；使安静；压制；消除噪音
silent,adj. 沉默的；寂静的；无记载的 n. 无声电影
silk,n. 蚕丝；丝绸；丝织物 adj. 丝的；丝制的；丝绸的
silly,adj. 愚蠢的 n. 傻瓜
silver,n. 银；银器；餐具；银币；银质奖章；银灰色 adj. 银的；含银的；有银色光泽的；口才流利的；第二十五周年的婚姻
similar,adj. 相似的 n. 类似物
similarity,"n. 类似, 相似"
similarly,adv. 相似地; 类似地 也; 同样
simple,adj. 简单的；单纯的；天真的 n. 愚蠢的行为；笨蛋；出身低微者
simply,adv. 简单地；朴素地；简直；仅仅；坦白地
since,conj. 既然；因为；由于；自…以来；自…以后 prep. 自…以来；自…以后
sincere,adj. 真诚的；诚挚的；真实的
sing,vi. 唱歌；鸣叫；歌颂；呼号 vt. 唱；用诗赞颂；唱着使
singer,n. 歌手，歌唱家
singing,n. 歌声；歌唱；耳鸣；振鸣 adj. 唱歌的；音乐般的
single,adj. 单一的；单身的；单程的 n. 单打；单程票；一个
sink,vi. 下沉；消沉；渗透 vt. 使下沉；挖掘；使低落
sir,n. 阁下，先生
sister,n. 姐妹；修女；护士 vt. 姐妹般对待
sit,vi. 坐；位于 vt. 使就座
site,"n. 位置, 场所, 地点 vt. 使坐落在; 设置"
situation,n. 形势；局面；位置；职位；处境；状况
six,num. 六，六个 n. 六，六个
sixteen,adj. 十六的，十六个的 num. 十六
sixty,num. 六十；六十个
size,n. 大小；尺寸 adj. 一定尺寸的
ski,n. 滑雪橇 vi. 滑雪
skiing,n. 滑雪术；滑雪运动 v. 滑雪（ski的ing形式）
skill,n. 技能，技巧；本领，技术
skin,n. 皮肤；外皮 vt. 剥皮
skirt,n. 裙子 vt. 绕过，回避；位于…边缘
sky,n. 天空；顶点 vt. 把…投向空中；把…挂得过高
slave,n. 奴隶；从动装置 vi. 苦干；拼命工作
sleep,vi. 睡，睡觉 n. 睡眠
slice,n. 薄片；部分；菜刀，火铲 vt. 切下；把…分成部分；将…切成薄片
slide,n. 幻灯片；滑动；滑梯；雪崩 vi. 滑动；滑落；不知不觉陷入
slight,adj. 轻微的，少量的；脆弱的；细长的；不重要的 vt. 怠慢；轻视，忽略
slightly,adv. 些微地，轻微地；纤细地
slip,v. 滑倒；滑脱；疏忽；溜走 n. 疏忽；滑倒；溜走；失误
slope,n. 倾斜；斜率；斜坡；扛枪姿势 vi. 倾斜；逃走
slow,adj. 慢的；减速的；迟钝的 vi. 变慢；变萧条
slowly,adv. 缓慢地，慢慢地
small,adj. 少的，小的；不重要的；几乎没有的；微弱的；幼小的 adv. 小小地；卑鄙地
smart,adj. 时髦的；漂亮的；聪明的；敏捷的；整洁的；厉害的 vi. 刺痛；难过；烦恼 n. 刺痛；苦恼 adv. （=smartly）
smartphone,
smell,vi. 嗅，闻；有…气味 vt. 嗅，闻；察觉到；发出…的气味
smile,vi. 微笑 n. 微笑；笑容；喜色
smoke,n. 烟；抽烟；无常的事物 vi. 冒烟，吸烟；抽烟；弥漫
smoking,n. 抽烟；冒气 adv. 冒着烟
smooth,adj. 光滑的；顺利的；平稳的 vt. 使光滑；缓和；消除（障碍等）；使优雅
snake,n. 蛇；阴险的人 vi. 迂回前进
snow,n. 雪，积雪；下雪 vi. 降雪
so,adv. 如此，这么；确是如此 conj. 所以；因此
soap,n. 肥皂 vt. 将肥皂涂在……上；对……拍马屁（俚语）
soccer,n. 英式足球，足球
social,adj. 社会的，社交的；群居的 n. 联欢会；联谊会
society,n. 社会；社交界；交往；社团
sock,n. 短袜；一击 vt. 重击；给……穿袜
soft,adj. 温柔的，温和的；软的，柔软的；笨的；软弱的 adv. 柔软地；温和地
software,n. 软件
soil,n. 土地；土壤；国家；粪便；务农；温床 vt.&vi. 弄脏；污辱
solar,adj. 太阳的；日光的；利用太阳光的；与太阳相关的 n. 日光浴室
soldier,n. 军人；兵蚁；懒汉；[口]一片烤面包 vi. [口]磨洋工；当兵；坚持干；假称害病
solid,adj. 固体的；结实的；可靠的；一致的；立体的 n. 固体；立方体
solution,n. 解决方案；溶液；溶解；解答
solve,vt. 解决；解答；溶解 vi. 作解答
some,adj. 一些；大约；某一 pron. 一些；若干
somebody,n. 大人物；重要人物 pron. 某人；有人
someone,pron. 有人，某人
something,"pron. 某物, 某事 重要的事物[人], 有一定意义的事物"
sometimes,adv. 有时；间或
somewhat,n. 几分；某物 adv. 多少；几分；稍微；有点
somewhere,adv. 在某处；到某种程度；大约 n. 某处
son,n. 儿子；男性后裔；孩子（对年轻人的称呼）
song,n. 歌曲；歌唱；(鸟等)鸣声
soon,adv. 快；立刻；不久，一会儿；宁愿
sorry,adj. 对不起的，抱歉的；遗憾的 int. 对不起，抱歉（表示委婉的拒绝等）
sort,n. 种类；方式；品质 vi. 分类；交往；协调
soul,n. 灵魂；精神；心灵；鬼魂 adj. 美国黑人文化的
sound,vt. 使发声；听（诊）；测量，测…深；宣告；试探 n. 声音，语音；海峡；吵闹；噪音；听力范围；探条
soup,n. 汤，羹；马力 vt. 加速；增加马力
source,n. 来源；原始资料；水源
south,n. 南方，南边；南部 adv. 在南方，向南方
southern,adj. 南方的；南的 n. 南方人
space,n. 空间；距离；太空 vi. 留间隔
speak,vi. 说话；演讲；陈述；表明 vt. 讲话；发言；讲演
speaker,n. 扬声器；说话者；演讲者；说某种语言的人
special,adj. 特别的；特殊的；专门的 n. 特别的东西；特刊；特色菜；特价
specialist,n. 专家；专科医生；专食性动物
species,n. 物种；种类 adj. [生物]物种上的
specifically,"adv. 特有地, 特定地, 具体地 明确地 说明确些, 亦即, 就是"
speech,n. 演说；演讲；讲话；语音
speed,vi. 加速，迅速前行；超速，加速；兴隆 n. 速度，速率；迅速，快速；昌盛，繁荣
spell,vt. 拼，拼写；拼成；意味着；迷住；招致；轮值 n. 符咒；一段时间；魅力
spelling,n. 拼法；拼字；拼写 v. 拼写；迷住；意味着（spell的ing形式）
spend,vt. 花费；度过，消磨（时光）；用尽；浪费 vi. 花钱；用尽，耗尽
spending,n. 开销；花费 v. 花费；度过（spend的现在分词形式）
spicy,adj. 辛辣的；香的，多香料的；下流的
spider,n. 蜘蛛；设圈套者；三脚架
spirit,n. 精神；心灵；志气；烈酒；情绪 vt. 鼓励；鼓舞；诱拐
spiritual,"adj. 精神上的; 心灵的 教会的, 宗教的"
split,vt. 劈开；分离；使分离；离开 vi. 被劈开；断绝关系；离开
spoken,adj. 口语的，口头的 v. 说（speak的过去分词）
sponsor,"vt. 赞助, 发起"
spoon,n. 匙，勺子；一杓的量 vt. 用匙舀；使成匙状
sport,n. 运动；运动会；游戏；娱乐；玩笑 vi. 游戏
spot,n. 斑点；地点 vt. 认出；弄脏；用灯光照射
spread,vi. 传播；伸展 vt. 传播，散布；展开；伸展；铺开
spring,n. 春天；弹簧；泉水；跳跃；活力 adj. 春天的
square,adj. 直角的；正方形的；正直的；平方的 vt. 使成方形；与…一致
stable,n. 马厩；牛棚 adj. 稳定的；坚定的；牢固的
stadium,n. 露天大型运动场；体育场
staff,n. 职员；支撑；参谋；棒 adj. 行政工作的；职员的
stage,n. 舞台；戏剧；驿站；阶段 vt. 上演；举行；筹划
stair,n. 楼梯，阶梯；梯级
stamp,n. 邮票；印记；跺脚；标志 vt. 铭记；标出；盖章于…；贴邮票于…；用脚踩踏
stand,vi. 位于；站立；停滞 vt. 忍受；使站立；抵抗
standard,n. 标准；度量衡标准；旗；水准 adj. 标准的；合规格的；公认为优秀的
star,n. 星，恒星；明星；星形物 vt. 用星号标于；由…主演，由…担任主角
stare,vi. 凝视，盯着看；显眼 vt. 凝视，盯着看
start,vt. 开始；启动 vi. 出发
state,n. 情形；国家；州 vt. 陈述；规定；声明
statement,"n. 声明, 陈述 结算单, 报表"
station,n. 站；地位；身份；驻地 vt. 配置；驻扎；安置
statistic,"n. 统计量 adj. 统计的,统计学的"
statue,n. 雕像，塑像 vt. 以雕像装饰
status,n. 地位；情形；状态；重要身份
stay,vi. 停留；暂住；停下；坚持 vt. 暂住；抑制；坚持
steady,adj. 稳定的；不变的；沉着的 vi. 稳固
steal,vt. 剽窃；偷偷地做；偷窃 vi. 窃取；偷偷地行动；[棒球]偷垒
steel,n. 钢铁；钢制品；坚固 vt. 钢化；使冷酷
steep,adj. 陡峭的；夸大的；不合理的；急剧升降的 vt. 浸；泡；使…充满
step,n. 步，脚步；步伐；步骤；梯级 vi. 走；踏，踩
stick,n. 手杖；枝；杆 vt. 刺入；插于；竖起 vi. 钉住；坚持，遵守；粘贴；生效，起作用
sticky,adj. 粘的；粘性的
stiff,adj. 严厉的；呆板的；坚硬的；拘谨的；艰难的 adv. 彻底地；僵硬地
still,adv. 更；仍然；静止地 adj. 静止的，不动的；寂静的，平静的；不起泡的
stock,n. 股份，股票；血统；树干；库存 adj. 平凡的；存货的，常备的
stomach,n. 胃；胃口；腹部 vt. 忍受；吃下
stone,n. 石头；宝石；结石 adj. 石的，石制的
stop,vt. 堵塞；停止；断绝 vi. 停止；被塞住；中止；逗留
store,n. 储备，贮藏；仓库；商店 vt. 贮藏，储存
storm,n. 暴风雨；大动荡 vi. 起风暴；横冲直撞；狂怒咆哮
story,n. 故事；来历；新闻报道；小说；[口]假话 vt. 用历史故事画装饰
straight,adj. 直的；正直的；整齐的；连续的；笔直的 adv. 直接地；坦率地；立即；不断地
strange,adj. 陌生的；奇怪的；外行的 adv. 奇怪地；陌生地，冷淡地
stranger,n. 陌生人；外地人；局外人
strategy,n. 战略，策略
stream,n. 溪流；流动；光线；潮流 vi. 流；涌进；飘扬
street,n. 街道 adj. 街道的
strength,n. 力量；力气；长处；兵力
stress,n. 压力；紧张；重要性；强调；重读 vt. 强调；加压力于；使紧张；用重音读
stretch,v. 伸展；延伸；张开；夸大 n. 伸展；张开；弹性；一段时间；刑期 adj. 可伸缩的
strict,adj. 严格的；精确的；绝对的；详细的
strike,n. 罢工；打击；殴打 v. 打；撞；罢工；划燃
string,n. 线，细绳；一串，一行 vt. 扎，缚；使排成一列，串起；伸展，拉直
strong,adj. 强壮的；擅长的；坚强的；牢固的 adv. 强劲地；猛烈地
strongly,adv. 坚强地；激烈地；强有力地；气味浓地
structure,n. 结构；构造；建筑物 vt. 构造；建造；组织
struggle,vi. 挣扎；奋斗，努力 n. 努力，奋斗；竞争
student,n. 学生；学者
studio,n. 工作室；演播室；画室；电影制片厂
study,n. 学习，研究；学问；课题；书房 vt. 学习；攻读；考虑；细察
stuff,n. 材料；东西；填充物；素材资料 vt. 填塞；塞满；让吃饱
stupid,adj. 愚蠢的；麻木的；乏味的 n. 傻瓜，笨蛋
style,n. 风格；类型；时尚；字体 vt. 设计；称呼；使合潮流
subject,n. 主题；科目；国民；主语 adj. 服从的；易患…的；受制于…的
submit,vt. 使服从；呈递；主张 vi. 提交；服从
substance,n. 实质；物质；财产；内容；重要性
succeed,vi. 成功；继承；继任；兴旺 vt. 继承；接替；继…之后
success,n. 成功，成就；胜利；大获成功的人或事物
successful,adj. 成功的; 如愿以偿的; 达到目的
successfully,adv. 成功地，圆满地
such,adj. 这样的，如此的
sudden,adj. 突然的，意外的；快速的 n. 突然发生的事
suddenly,adv. 忽然；突然地
suffer,vt. 忍受；遭受；经历 vi. 受损害；受痛苦；遭受，忍受；经验
sugar,n. 糖；食糖；甜言蜜语 vt. 加糖于；粉饰
suggest,vt. 提议，建议；启发；使人想起
suggestion,n. 建议；意见；有...迹象；联想
suit,vt. 适合；使适应 n. 诉讼；套装；组；恳求
suitable,adj. 适当的；相配的
sum,n. 总数；金额 vi. 概括
summarize,"vt. 总结, 概述"
summary,adj. 扼要的；简易的 n. 概要，摘要
summer,n. 夏季；全盛时期 vi. 过夏天；避暑
sun,n. 太阳；阳光；中心人物 v. 晒太阳
sun/a,
Sunday,n. 星期日；礼拜日
supermarket,n. 超级市场
support,vt. 支持，支撑，支援；赡养，供养；扶持，帮助 n. 支持，维持；支持者，支撑物；支援，供养
supporter,n. 支持者；拥护者
suppose,vt. 假设；认为；推想；让（虚拟语气） vi. 料想；猜想
sure,adj. 可靠的；必定的；确信的 adv. 当然；的确
surely,adv. 稳当地；坚定地；无疑；[口]当然
surface,n. 表面；外观；表层 adj. 表面的，肤浅的
surgery,n. 外科；外科手术；手术室；诊疗室
surprise,n. 惊奇，诧异；突然袭击 vt. 使惊奇；奇袭
surprised,adj. 感到惊奇的;表示震惊的
surprising,"adj. 使人惊讶的, 出人意料的, 惊人的"
surround,vt. 围绕；包围 n. 围绕物
surrounding,adj. 周围的 n. 环境；周围的事物
survey,n. 调查；测量；纵览；审视 vt. 调查；勘测；俯瞰
survive,vt. 比...活得长；幸免于；幸存；生还 vi. 幸存；活下来
suspect,n. 嫌疑犯 v.怀疑
swear,vt. 发誓；咒骂 vi. 诅咒；发誓，宣誓
sweater,n. 毛线衣，运动衫；大量出汗的人，发汗剂
sweep,vt. 扫除；猛拉；掸去 vi. 扫，打扫；席卷；扫视；袭击
sweet,adj. 甜的；悦耳的；芳香的；亲切的 n. 糖果；乐趣；芳香；宝贝
swim,vi. 游泳；浸；漂浮；眩晕 vt. 游过；使浮起
swimming,n. 游泳；目眩 adj. 游泳的；游泳用的；善于游泳的；晕眩的
switch,vt. 转换；用鞭子等抽打 vi. 转换；抽打；[体]换防
symbol,n. 符号；象征；标志
sympathy,n. 同情；赞同；慰问
symptom,n. 症状；征兆
system,n. 系统；制度，体制；方法
table,n. 桌子；表格；平地层 vt. 嵌合；搁置；制表
tablet,n. 碑；药片；小块；写字板
tail,n. 尾部；踪迹；辫子；燕尾服 vt. 尾随；装上尾巴
take,vt. 拿，取；接受；采取；吃 vi. 拿；获得
tale,n. 故事；传说；叙述；流言蜚语
talent,n. 才能；天资；天才
talented,adj. 有才能的；多才的
talk,vt. 说；谈话；讨论 vi. 谈话；说闲话
tall,adj. 高的；长的；夸大的；过分的 adv. 夸大地
tank,n. 坦克；水槽；池塘 vt. 把…贮放在柜内；打败
tape,n. 磁带；带子；卷尺；胶带 vt. 录音；用带子捆扎；用胶布把…封住
target,n. 目标；靶子 vt. 把……作为目标；规定……的指标；瞄准某物
task,vt. 分派任务 n. 任务；工作，作业
taste,n. 味道；品味；审美 vt. 尝；体验
tax,vt. 向…课税；使负重担 n. 税金；重负
taxi,vi. 乘出租车；滑行 vt. 用出租车送；使滑行
tea,n. 茶叶；茶树；茶点 vt. 给…沏茶
teach,vt. 教；教授；教导 vi. 讲授；教授；当老师
teacher,n. 教师；导师
teaching,n. 教学；教义 v. 教学；教导（teach的ing形式）
team,n. 队；组 vt. 使合作
tear1,
tear2,
technical,adj. 工艺的， 技术的
technique,n. 技术；技巧；技能
technology,n. 科技(总称); 工艺; 应用科学 工业技术
teenage,adj. 青少年的（13至19岁的）；十几岁的
teenager,n. 青少年；13岁到19岁的年轻人
telephone,n. 电话 v. 打电话
television,n. 电视机；电视节目；电视行业
tell,vt. 告诉，说；吩咐；辨别；断定 vi. 讲述；告发，泄密；识别
temperature,"n. 温度, 气温 高烧, 发烧, 发热"
temporary,"adj. 临时的, 暂时的, 短时间的"
ten,num. 十个，十
ten number,
tend,vi. 趋向，倾向；照料，照顾 vt. 照料，照管
tennis,n. 网球（运动） adj. 网球的；用于网球运动的
tent,n. 帐篷；住处；帷幕 vt. 用帐篷遮盖；使在帐篷里住宿
term,n. 学期；术语；条款；期限 vt. 把…叫做
terrible,adj. 可怕的；很糟的；令人讨厌的 adv. [口]很，非常
test,n. 检验；试验 vt. 测试；试验
text,n. 文本；课文；主题
than,conj. 比（用于形容词、副词的比较级之后）；除…外（用于other等之后）；与其…（用于 rather等之后）；一…就（用于 no sooner等之后） prep. 比；超过
thank,vt. 感谢 n. 感谢
thanks,n. 谢谢（只用复数） int. 谢谢
that,pron. 那；那个 adv. 那么；那样
the,art. 这；那 adv. 更加（用于比较级，最高级前）
the definite article,
The Oxford 3000™ by CEFR level,
theatre,n. 电影院，戏院；戏剧；阶梯式讲堂
their,pron. 他们的，她们的；它们的
theirs,pron. 他们的；她们的；它们的
them,pron. 他们；她们；它们
theme,n. 主题；题目；主旋律 adj. 以奇想主题布置的
themselves,"pron. 他[她, 它]们自己"
then,adv. 当时；然后；那么；于是；此外
theory,n. 理论；原理；学说；推测
therapy,n. 治疗，疗法
there,adv. 在那里；在那点上；在那边 int. 你瞧
therefore,"adv. 因此, 为此, 所以 故…; 由此得出"
they,pron. 他们；她们；它们
thick,adj. 厚的；浓密的；粗的；愚笨的
thief,n. 小偷，贼
thin,adj. 薄的；瘦的；稀薄的；微弱的 vt. 使淡；使瘦；使稀疏
thing,n. 东西；事物；事情；情况
think,vt. 想；认为；想像；想起；打算 vi. 想；认为
thinking,adj. 思想的；有理性的；思考的；好思考的 n. 思想；思考；想法；意见；见解
third,num. 第三；三分之一 adj. 第三的；三分之一的
third number,
thirsty,adj. 口渴的，口干的；渴望的，热望的
thirteen,n. 十三；十三个；十三岁 num. 十三
thirteen number,
thirty,n. 三十年代 num. 三十
thirty number,
this,pron. 这；这个；这里 adj. 这；本；这个；今
though,adv. 可是，虽然；然而；不过 conj. 虽然；尽管
thought,n. 思想；关心；想法；思考 v. 想，思考；认为（think的过去式和过去分词）
thousand,n. 一千；一千个；许许多多 adj. 成千的；无数的
thousand number,
threat,n. 威胁，恐吓；凶兆
threaten,vt. 威胁；恐吓；预示 vi. 威胁；可能来临
three,n. 三，三个 num. 三
three number,
throat,n. 喉咙；窄路；嗓子，嗓音 vt. 开沟于；用喉音说
through,prep. 穿过；通过；凭借 adv. 从头至尾；彻底
throughout,prep. 遍及；贯穿 adv. 自始至终；到处
throw,vt. 抛；投；掷 vi. 抛；投掷
Thursday,n. 星期四
thus,adv. 因此；这样；从而；如此 conj. 因此
ticket,n. 票；入场券，标签；证明书；（美）候选人名单；[口]交通罚款单 vt. 加标签于；指派；对…开出交通违规罚单
tidy,adj. 整齐的；[口]相当大的 vt. 整理；收拾；弄整齐
tie,n. 束缚；使人结合在一起的事物；领带；绳；不分胜负 v. 系；约束；捆绑；打结；连结
tight,adj. 紧的；绷紧的；没空的；密封的；严厉的；麻烦的；吝啬的 adv. 紧紧地；彻底地
till,prep. 直到 ... 为止 conj. 直到 ... 为止 n. 放钱的抽屉；备用现金；[地质]冰碛土(物) v. 耕作
time,n. 时间；次数；时代；节拍；倍数 vt. 计时；测定…的时间；安排…的速度
time),
tin,n. 锡；罐头，罐；马口铁 adj. 锡制的
tiny,adj. 微小的；很少的
tip,vi. 倾覆；翻倒；给小费 vt. 倾斜；翻倒；给小费；装顶端
tired,adj. 疲倦的；厌倦的，厌烦的 v. 疲倦；对…腻烦（tire的过去分词形式）
title,n. 标题；头衔；冠军；权利；字幕 vt. 加标题于；赋予头衔；把…称为
to,adv. 向前；（门等）关上 prep. 向；到；（表示时间、方向）朝…方向
today,adv. 今天；现今 n. 今天；现今
toe,n. 脚趾；足尖 vt. 用脚尖走；以趾踏触
together,adv. 一起；总共；同时；连续地；相互 adj. [口]情绪稳定的，做事有效率的；[俚]新潮的
toilet,n. 厕所，盥洗室；梳妆，打扮 vi. 梳妆，打扮
tomorrow,n. 明天；未来 adv. 明天；未来地（等于to-morrow）
tone,n. 音调；音色；语气；色调 vt. 用某种调子说；增强
tongue,n. 语言；舌头 vt. 舔；斥责；用舌吹
tonight,adv. 在今晚 n. 今晚
too,adv. 也；太；非常；还；过度；很
tool,n. 工具，用具；器械，机床；手段 vi. 使用工具；用机床装备工厂
tooth,n. 牙齿 vt. 给……装齿
top,n. 顶部，顶端；上部；首席；陀螺 vi. 结束；达到顶点；高出，超越
topic,n. 题目；主题（等于theme）；一般规则；[逻]总论
total,adj. 全部的；整个的；完全的 vt. 总数达
totally,adv. 完全地
touch,vt. 接触；触动；使轻度受害 vi. 触摸；接近；涉及；提到
tough,adj. 坚韧的，牢固的；艰苦的，困难的；强壮的，结实的；坚强的，不屈不挠的 n. 恶棍
tour,n. 旅游，旅行；巡回演出 vt. 旅行，在……旅游；在……作巡回演出
tourism,n. 旅游业；游览
tourist,n. 旅行者，观光客 adj. 旅游的
towards,prep. 朝，向；有助于；对于
towel,n. 毛巾，手巾；纸巾 vt. 用毛巾擦
tower,n. 塔；高楼；堡垒 vi. 超越；高耸
town,n. 城镇，市镇；市内商业区
toy,n. 玩具；小装饰品；不值钱的东西 vi. 玩弄；调情；随随便便地对待
track,n. 足迹，踪迹；轨道；小道 vt. 追踪；通过；循路而行；用纤拉
trade,n. 贸易，交易；行业；职业 vi. 交易，买卖；以物易物
tradition,n. 传统 惯例
traditional,adj. 传统的
traffic,n. 交通；贸易；运输；通信量 vt. 用…作交换；在…通行
train,n. 火车；行列；长队；裙裾 v. 训练；培养；瞄准
trainer,n. 训练员；驯马师；助理教练；飞行练习器
training,n. 训练；培养；瞄准；整枝 v. 训练；教养（train的ing形式）
transfer,n. 转移；转让；过户；传递 vi. 转移；转让；转学；换车
transform,vt. & vi. 改变
transition,n. 转变；过渡
translate,vt. & vi. 翻译; 解释; 转化
translation,"n. 翻译; 译本, 译文 形容词: translational"
transport,vt. 运送; 流放 使万分激动
travel,vi. 旅行；步行；行进；[口]交往 vt. 在…旅行；经过
traveller,n. 旅行者
treat,vt. 对待；治疗；探讨；视为 vi. 探讨；协商；请客
treatment,"n. 处理; 对待, 待遇 治疗; 疗法"
tree,n. 树；树状物；木料 vt. 把...赶上树
trend,n. 趋势，倾向；走向 vi. 趋向，伸向
trial,n. 试验；磨炼；审讯；努力 adj. 审讯的；试验的
trick,n. 诡计；恶作剧；窍门；骗局；欺诈；花招 vt. 欺骗；哄骗；装饰；打扮
trip,n. 旅行；摔倒；差错；轻快的步伐 vt. 使跌倒；使失败；使犯错；起锚；竖帆 vi. 绊倒；旅行；轻快地走；失误；结巴
tropical,adj. 热带的；酷热的；热情的
trouble,n. 麻烦；动乱；烦恼；故障 vt. 麻烦；使烦恼；折磨
trousers,n. 裤子，长裤
truck,n. 卡车；手推车；交易 vi. 以物易物；驾驶卡车
truly,adv. 真实地，不假；真诚地
trust,n. 信任，信赖；[经济学]托拉斯；责任 vt. 信任，信赖；盼望；赊卖给
truth,n. 事实；真理；实质；诚实
try,vt. 试验；审判；考验；试图，努力 vi. 尝试；努力；试验
T-shirt,"n. T恤, 短袖汗衫"
tube,n. 管；电子管；隧道；电视机 vt. 把…装管；用管输送；使成管状
Tuesday,n. 星期二
tune,"n. 曲调, 曲子 vt. & vi. 调音 vt. 调整"
tunnel,n. 隧道；坑道；洞穴通道 vt. 在…打开通道；在…挖掘隧道；挖
turn,vt. 转动，使旋转；转弯；兑换；翻过来 vi. 转动；转向；转变
TV,abbr. 电视（television）
twelve,n. 十二；十二个 num. 十二；十二个
twenty,n. 二十；二十年代 num. 二十
twice,adv. 两倍；两次
twin,vt. 使成对 n. 双胞胎中一人
two,n. 两个 adj. 两个的
type,n. 类型，品种；样式；模范 vt. 打字；测定（血等）类型
typical,adj. 典型的；特有的；象征性的
typically,adv. 代表性地;作为特色地;典型地
tyre,vt. 装轮胎于 n. 轮胎；轮箍
ugly,adj. 丑陋的；令人厌恶的；邪恶的
ultimately,adv. 最后;最终
umbrella,n. 雨伞；庇护；保护伞；伞形结构
unable,adj. 不会的，不能的；无能力的；不能胜任的
uncle,n. 伯父；姨丈；叔叔；舅父；姑父；伯伯
uncomfortable,adj. 不舒服的 令人不舒服的;令人不舒适的 不安的;不自在的
unconscious,adj. 失去知觉的；无意的
under,prep. 低于，少于；在...之下 adv. 在下面；在下方
underground,adj. 地下的；秘密的 adv. 在地下；秘密地 n. 地下；地铁；地道；秘密活动
understand,"vt. & vi. 懂; 理解 vt. 听说, 获悉; 知道, 认为"
understanding,n. 理解；非正式协议；谅解；同情心 adj. 有同情心的
underwear,n. 内衣
unemployed,adj. 被解雇的;失业的 不在使用中的;未用的
unemployment,"n. 失业 失业(人数), 失业率"
unexpected,"adj. 没有料想到的, 意外的, 突如其来的"
unfair,adj. 不公平的，不公正的
unfortunately,adv. 不幸地；遗憾地
unhappy,adj. 不幸福的；不快乐的；不适当的
uniform,adj. 一致的；统一的；相同的；始终如一的；均衡的 n. 制服
union,n. 联合；联盟，协会；工会
unique,adj. 唯一的，独一无二的；独特的，稀罕的 n. 独一无二的人或物
unit,n. (工作)单位 (计量或计数用的)单位 (课本中的)单元 (特定功能的)装置
united,adj. 团结的，和睦的；一致的，统一的
universe,n. 宇宙；世界；领域
University,n. 大学
unknown,adj. 未知的；陌生的，默默无闻的 n. 未知的事物，默默无闻的人；[数]未知数
unless,conj. 除非，如果不 prep. 除…之外
unlike,adj. 不同的，不相似的 prep. 和…不同，不像
unlikely,adj. 不太可能的；没希望的 adv. 未必
unnecessary,"adj. 不必要的, 多余的"
unpleasant,adj. 使人不愉快的；讨厌的；不合意的；不友好的，粗鲁的
until,conj. 在…以前；直到…时 prep. 在…以前；到…为止
unusual,adj. 与众不同的；不寻常的；不平常的
up,adv. 向上；上涨；起来 prep. 在…之上；向…的较高处
update,vt. 更新；校正，修正；使现代化 n. 更新；现代化
upon,prep. 在…之上；接近；根据
upper,adj. 上面的，上部的；较高的
upset,vt. 使心烦；颠覆；扰乱 vi. 翻倒 adj. 心烦的；混乱的；弄翻的 n. 混乱；翻倒；颠覆
upstairs,adv. 在楼上，向楼上；往楼上；上楼 adj. 楼上的
upwards,adv. 向上；在上部；向上游
urban,adj. 城市的；住在都市的
urge,vt. 力劝，催促；驱策，推进 n. 推动力；强烈的欲望，迫切要求
us,pron. 我们
use,n. 使用；用途；发挥 vt. 利用；耗费
used to,
used1,
used2,
useful,adj. 有用的，有益的；有帮助的
user,n. 用户；使用者
usual,adj. 通常的，惯例的；平常的
usually,adv. 通常，经常
vacation,n. 假期；（房屋）搬出 vi. 休假，度假
valley,n. 山谷；溪谷；流域
valuable,adj. 贵重的；有价值的；可估价的 n. 贵重物品
value,n. 价值；价格；重要性；值；确切涵义 vt. 评价；重视；估价
van,n. 箱形客货两用车；(铁路的)有盖货车；[军]先锋；先导；翼 v. (用货车)运
variety,n. 种类；多样；杂耍
various,adj. 各种各样的；多方面的
vary,vi. 变化；违反；[生]变异 vt. 改变；使多样化；[音]变奏
vast,adj. 巨大的；广阔的；大量的；巨额的 n. 浩瀚；广阔无垠的空间
vegetable,n. 蔬菜 生活单调的人; 植物人
vehicle,n. 车辆；交通工具；运载工具；媒介物；工具；传播媒介
venue,n. 聚集地点;会场;(尤指)体育比赛场所 犯罪地点;审判地 争论中所持的立场
version,n. 译文；版本；[医]倒转术
very,adj. 十足的；恰好是，正是；甚至；特有的 adv. 非常，很；完全
via,prep. 取道，通过；经由
victim,n. 牺牲者；受害人；牺牲品
victory,n. 胜利；克服；成功
video,n. 电视；录像，录像机；视频 adj. 录像的；电视的；视频的
view,n. 风景；意见；视野；观察 vt. 查看；观察；考虑
viewer,n. 电视观众；观看者；观察者；指示器
village,n. 村庄；村民；（动物的）群落
violence,n. 激烈；暴力；侵犯；歪曲
violent,adj. 猛烈的；暴力的
virtual,adj. 实质上的，事实上的；虚拟的；[物]有效的
virus,n. 病毒；恶毒；毒害
vision,n. 视力；眼力；幻象；美景；想象力 vt. 显现；梦见；想象
visit,n. 访问；参观；逗留 vt. 参观；视察；访问
visitor,n. 访问者，参观者；视察者；候鸟
visual,adj. 视觉的，视力的；栩栩如生的
vital,adj. 生死攸关的；至关重要的；有活力的
vitamin,n. 维生素；维他命
voice,n. 声音；愿望；嗓音；发言权 vt. 表达；吐露
volume,n. 体积；卷；册；音量；大量；量 adj. 大量的
volunteer,n.志愿者；v. 自愿
vote,n. 投票，选举；选票；得票数 vt. 投票决定；公认；提议，使投票
wage,n. 工资；报酬 v. 开展；从事；进行(战争、运动)
wait,vt. 等候；推迟；延缓 vi. 等待；耽搁；伺候用餐
waiter,n. 服务员，侍者
wake,vi. 醒来；唤醒；警觉 vt. 叫醒；激发
walk,n. 步行，走；散步 vt. 散步；走过
wall,n. 墙壁，围墙；似墙之物 vt. 用墙围住，围以墙
want,vt. 需要；缺少；应该；希望 n. 需要；缺乏；贫困；必需品
war,n. 战争，斗争；冲突，对抗，竞争；军事，战术 vi. 打仗，作战；对抗
warm,adj. 温暖的；热情的 vi. 同情；激动；变温暖
warn,vt. 警告，提醒；通知 vi. 发出警告，发出预告
warning,n. 警告；预告；预兆 adj. 警告的；引以为戒的
wash,n. 洗涤；洗的衣服；冲积物；化妆水 vt. 洗涤；冲走；拍打；洗刷
washing,n. 洗涤；要洗的衣物；洗涤剂 adj. 洗涤用的，清洗用的
waste,n. 废物；浪费；荒地；损耗；地面风化物 vt. 浪费；消耗；使荒芜
watch,vt. 注视；观察；看守；警戒 n. 手表；守护；监视；值班人
water,n. 水；雨水；海水；海域，大片的水 vt. 使湿；供以水；给…浇水
wave,vi. 波动；起伏；摇动；呈波形；挥手示意 vt. 向…挥手示意；使成波浪形；卷（烫）发
way,n. 道路；方法；方向；习惯；行业 adv. 远远地；大大地
we,pron. 我们（主格）；[古]朕，寡人；笔者，本人（作者或演讲人使用）
weak,adj. 疲软的；虚弱的；无力的；不牢固的
weakness,n. 弱点；软弱；嗜好
wealth,n. 财富；大量；富有
wealthy,adj. 富有的；充分的；丰裕的 n. 富人
weapon,n. 武器，兵器
wear,n. 穿著，磨损，耐久性 v. 穿著，用旧，耗损
weather,n. 天气；气象；处境；气候 vt. 经受住；使风化；侵蚀；使受风吹雨打
web,n. 网；卷筒纸；蹼；织物；圈套 vt. 用网缠住；使中圈套
website,n. 网站（全球资讯网的主机站）
wedding,n. 结婚；婚礼，婚宴；结合 v. 与…结婚（wed的ing形式）
Wednesday,n. 星期三
week,n. 周，星期
weekend,n. 周末，周末休假；周末聚会 adj. 周末的，周末用的
weigh,vt. 权衡；考虑；称…重量 vi. 重量为…；具有重要性；成为…的重荷；起锚
weight,n. 重量，重力；砝码；重要性；负担 vt. 加重量于，使变重
welcome,adj. 受欢迎的 n. 欢迎
well,adv. 满意地；适当地；很好地；充分地 adj. 健康的；良好的；适宜的
west,n. 西；西方；西部 adj. 西方的；朝西的
western,adj. 西方的，西部的；有西方特征的 n. 西方人；西部片，西部小说
wet,adj. 潮湿的；有雨的 n. 湿气；雨天
what,pron. 什么；多么；多少 adj. 什么；多么；何等
whatever,adj. 不管什么样的 pron. 无论什么；诸如此类
wheel,n. 车轮；方向盘；转动 vt. 转动；使变换方向；给…装轮子
when,conj. 既然；当…时；考虑到 adv. 什么时候，何时
whenever,conj. 每当；无论何时 adv. 不论何时；随便什么时候
where,adv. 在哪里 pron. 哪里
whereas,"conj. 但是, 而"
wherever,adv. 无论什么地方；究竟在哪里 conj. 无论在哪里；无论什么情况下
whether,conj. 是否；不论 pron. 两个中的哪一个
which,pron. 哪/那一个；哪/那一些 adj. 哪一个；哪一些
while,conj. 当……的时候；虽然；然而 n. 一会儿；一段时间
whisper,n. 私语；谣传；飒飒的声音 vi. 耳语；密谈；飒飒地响
white,adj. 白色的；白种的；纯洁的 n. 白色；白种人；洁白
who,pron. 谁
whole,adj. 完整的；纯粹的 n. 全部；整体
whom,pron. 谁（who的宾格）
whose,pron. 谁的（疑问代词）
why,int. 哎呀！什么？ adv. 为什么
wide,adj. 宽的，广阔的；张大的；远离目标的；广泛的 adv. 广阔地；充分地；广泛地
widely,adv. 广泛地
wife,n. 妻子，已婚妇女；夫人
wild,adj. 野生的；野蛮的；狂热的；荒凉的 n. 荒野
wildlife,n. 野生动植物 adj. 野生动植物的
will,n. 意志；意图；心愿；情感；遗嘱 vt. 用意志力使；遗赠；决心要
willing,adj. 乐意的；心甘情愿的；自愿的 v. 决心；用意志力驱使；将（财产等）遗赠某人（will的现在分词）
win,vt. 赢得；在…中获胜；劝诱 vi. 获胜；赢；成功
wind1,
wind2,
window,n. 窗；窗口；窗户
wine,n. 酒，葡萄酒；紫红色 vi. 喝酒
wing,n. 翅膀；翼；飞翔；派别 vt. 使飞；飞过；空运；增加…速度；装以翼
winner,n. 胜利者
winter,n. 冬季；年岁；萧条期 vi. 过冬
wire,n. 金属丝；电线；电报 vt. 拍电报；给…装电线
wise,adj. 聪明的；明智的；博学的 vt. 使知道；教导
wish,n. 希望；祝福；心愿 vt. 渴望；祝愿；向…致问候语
with,prep. 用；支持；随着；和…在一起
with),
within,prep. 在…之内 adv. 在内部
without,prep. 没有；在…外面；超过 adv. 在外面；户外；没有或不显示某事物
witness,n. 目击者；证人；证据 vt. 目击；证明；为…作证
woman,n. 女性；妇女；成年女子
wonder,n. 惊奇；奇迹；惊愕 vi. 惊讶；怀疑；想知道
wonderful,"adj. 极好的, 精彩的, 绝妙的"
wood,n. 木材；树林；木制品 vi. 收集木材
wood),
wooden,adj. 木制的；僵硬的，呆板的
wool,n. 羊毛；毛线；绒线；毛织品；毛料衣物
word,n. 单词；话语；消息；诺言；命令 vt. 用言辞表达
words,n. 言语；话语；字（word的复数） v. 用言语表达（word的三单形式）
work,n. 工作；职业；产品；行为；文学、音乐或艺术作品；工厂；操作；[物]功 vt. 使工作；操作；经营；使缓慢前进
worker,n. 工人；劳动者；职蚁
working,adj. 工作的；操作的；可行的 n. 工作；制作；活动；操纵
world,n. 世界；全人类；世俗；领域；宇宙；物质生活
worldwide,adj.全世界的
worried,adj. 担心的
worry,n. 烦恼；担心；撕咬 vt. 折磨；担心；发愁
worse,adj. 更坏的；更差的；更恶劣的（bad的比较级）；（病情）更重的（ill的比较级） adv. 更糟；更坏；更恶劣地；更坏地
worst,adj. 最差的，最坏的；最不利的；效能最低的 n. 最坏；最坏的时候
worth,adj. 值…的 n. 价值；财产
would,aux. 将，将要；愿意 v. will的过去式
wound,n. 创伤，伤口 vt. 使受伤
wow,n. 叫声，哭声；失真 vi. 发出叫声，大哭
wrap,vt. 包；隐藏；缠绕；掩护 vi. 缠绕；穿外衣；包起来
write,vi. 写，写字；写作，作曲；写信 vt. 写，书写；著述；写信给
writer,n. 作家；作者
writing,n. 笔迹；作品；书写；著作 v. 书写（write的ing形式）
written,adj. 书面的，成文的；文字的 v. 写（write的过去分词）
wrong,adv. 错误地；邪恶的，不正当地 n. 坏事；不公正
yard,n. 码（英制中丈量长度单位，1码=3英尺）；[海]帆桁；院子；庭院 vt. 把…关进或围在畜栏里
yeah,adv. [口]是 int. 是
year,n. 年；历年；年度
yellow,adj. 黄色的；黄皮肤的 n. 黄色；黄色颜料；黄种人
yes,adv. 是 n. 同意
yesterday,n. 昨天；近来 adv. 昨天；近来
yet,adv. 还；但是；已经 conj. 然而；但是
you,"pron. 您, 你, 你们 一个人, 任何人"
young,adj. 年轻的；初期的；没有经验的 n. （动物的）崽，仔；年轻人
your,pron. 你的，你们的
yours,pron. 你们的，你的
yourself,pron. 你自己
youth,n. 青春；青年；青少年时期；年轻
zero,n. 零点，零度 num. 零
zone,n. 地带；地区；[体]联防 vi. 分成区
